Poste,Date de Soumission,État,Lien,Date de réponse,CV utilisé,Contact Email,Entreprise,Mois,Catégorie Poste
Data Analyst Environnement,2025-07-31,Candidature envoyée,https://www.welcometothejungle.com/fr/companies/inex-circular/jobs/data-analyst-environnement-cdi_paris_IC_y4Y4m9Z,,CV2,,Inex Circular,7.0,Data Analyst
Data Engineer Junior,2025-07-31,Candidature envoyée,https://apply.workable.com/singulier/j/C258FD86BC/?utm_source=linkedin.com,,CV2,,Singulier,7.0,Data Engineer
Data Analyst,2025-07-31,Candidature envoyée,https://www.welcometothejungle.com/fr/companies/arcep/jobs/data-analyst-f-h_paris-cedex-12,,CV2,,ARCEP,7.0,Data Analyst
Data scientist,2025-07-31,Candidature envoyée,https://www.welcometothejungle.com/fr/companies/viginum/jobs/data-scientist-h-f_paris_VIGIN_JXMLeyG,,CV2,,Viginum,7.0,Data Scientist
Data Scientist - Artifical Intelligence Project (F/H) - CDD de 8 mois,2025-07-31,Refus,https://ekez.fa.em2.oraclecloud.com/hcmUI/CandidateExperience/fr/sites/CX/job/17590?utm_medium=jobboard&utm_source=welcome_to_the_jungle,2025-08-01,CV2,,Natixis,7.0,Data Scientist
"Data Quality Specialist, AI Tutor - Paris (Fixed term)",2025-07-31,Candidature envoyée,https://www.welcometothejungle.com/fr/companies/mistral-ai/jobs/data-quality-specialist-ai-tutor-paris-fixed-term_paris,,CV2,,Mistral AI,7.0,Autre
CDI - Data Analyst - Petit Bateau !,2025-07-31,Candidature envoyée,https://www.linkedin.com/jobs/view/4274098673/?trackingId=wcRb8UN8HA36HegkAKmh8g%3D%3D&refId=ByteString%28length%3D16%2Cbytes%3Deff4dac8...51d36b3d%29&midToken=AQF6cDKQRpkL-Q&midSig=206-DBIVMD3HU1&trk=eml-email_job_alert_digest_01-primary_job_list-0-jobcard_body_7877805114&trkEmail=eml-email_job_alert_digest_01-primary_job_list-0-jobcard_body_7877805114-null-5mjdi4~mdraxyrq~40-null-null&eid=5mjdi4-mdraxyrq-40&otpToken=MTEwMTFlZTExYTI4Y2FjZGIyMjQwNGVkNDMxZGVlYjI4ZmM5ZDU0NTlhYTc4NzYxNzhjZTA4Njg0ZjU5NWFmNmY0ZGY4Y2FhMTRjNGMwZjY3Zjg4NmNiNDMxMDQ5Yjc0YmQ0ZjJjNDQwMTg2N2VmODlmY2IsMSwx,,CV2,,Petit Bateau,7.0,Data Analyst
Assistant Gestion Référentiels et Outils H/F,2025-07-31,Candidature envoyée,https://jobs.totalenergies.com/en_US/careers/ApplicationMethods?jobId=69339&source=Welcome+To+The+Jungle#,,CV2,,Total Energies,7.0,Autre
Gestionnaire de données GED,2025-07-31,Candidature envoyée,https://www.welcometothejungle.com/fr/companies/resah/jobs/stagiaire-accompagnement-a-la-reprise-de-donnees-d-une-ged-sharepoint_paris,,CV3,,RESAH,7.0,Autre
CDD - Analyste Surveillance des Engagements F/H,2025-07-31,Candidature envoyée,https://www.welcometothejungle.com/fr/companies/la-banque-postale/jobs/cdd-analyste-surveillance-des-engagements-f-h_paris-15e-arrondissement,,CV3,,La Banque Postale,7.0,Data Analyst
Quantitive Analyst,2025-07-23,Candidature envoyée,https://la-french-tech.welcomekit.co/companies/alma/jobs/quantitative-analyst_paris_ALMA_6Lx9z3V,,CV1,,Alma,7.0,Autre
Business Analyst,2025-07-23,Candidature envoyée,https://www.recrutement.groupem6.fr/Pages/Offre/detailoffre.aspx?idOffre=2187&idOrigine=2912&LCID=1036&offerReference=2025-2187,,CV1,,Groupe M6,7.0,Data Analyst
Distribution Planner,2025-07-23,Refus,https://www.welcometothejungle.com/fr/companies/cabaia/jobs/distribution-planner-cdi_paris_CABAI_5MeKOwO,2025-07-25,CV1,,Cabaia,7.0,Autre
Chargé(e) de mission environnement,2025-07-23,Candidature envoyée,https://www.welcometothejungle.com/fr/companies/vinci-energies/jobs/charge-de-mission-environnement-f-h_nanterre_VEEF_VRVy7p,,CV1,,Vincie Energies,7.0,Autre
Data Steward,2025-07-23,Candidature envoyée,https://jobs.smartrecruiters.com/GroupementLesMousquetaires3/744000070714466-cdi-data-steward-h-f?sid=9fa97eed-f39f-400a-9fc4-128b3ed356c4,,CV1,,Groupement Mousquetaires,7.0,Autre
Responsable Data Seconde Main,2025-07-23,Candidature envoyée,https://www.welcometothejungle.com/fr/companies/kiabi/jobs/data-lead-h-f-nb-cdi_paris_KIABI_78jrkyd,,CV2,,Kiabi - Beebs,7.0,Autre
Data Analyst,2025-07-23,Refus,https://www.welcometothejungle.com/fr/companies/coallia/jobs/data-analyst-h-f_paris,2025-07-24,CV2,,Coallia,7.0,Data Analyst
DATA STEWARD - H/F,2025-07-23,Candidature envoyée,https://inserm.softy.pro/offre/170824-data-steward-h-f,,CV2,,Insern,7.0,Autre
Sales Operations Specialist,2025-07-23,Refus,https://www.linkedin.com/jobs/view/4273903204/?eBP=CwEAAAGYN0OphSPP6c9PBQVuY7qUDnm2v37DzbG6k2hdZlmf-HeV8-oXXkWkp5L_8l3fL3p5wmQ8W1_HWGpcAIFQd44N9jQFXQzj4PQlKCt1wMFwtOZvn0mnoTzkX9MxEhz8hIXgXIduKhsOmOT7Ed2DlDUVjXEnPb6pDlEf22jl4coFhREiRtT9H6pHzxD6OjOOKblt6Sc65N9YU2FmupRfpgDyOnVIG7MyJf9HVgpluRczl_iXy_PGgqi3Gh6e5Dp7EoEgyl_RFXyxNP-jeu_1rliwUYqYH5TKp3uJQMVD0uULZqc6lpmZGjSCGsSNW1HM_YmJMaYGbVmdvPrGuNZJwLUgCPDUuXv27UShjKXipInT1f4uhAGejaTru6NhvgITR1yLyQPg9KICuxGKlabULzTZGzcZiUh7u8VlCB6qFgGIcubcfbTIjcUtxiMJpBo4Bgg7ANQSJnw3aoaz1V_ppL2ODAMHGRCQWrGNntx7628eKATENxeVjNDnOlf32NolewswZV4&refId=c2XIstpY26q4Ce1r0cJgpw%3D%3D&trackingId=BiebecKINaE1ZmeNc7ty%2BA%3D%3D&trk=flagship3_search_srp_jobs,2025-07-24,CV2,,Biggie Group,7.0,Autre
Ingénieur Machine Learning & Data Scientist F/H - Paris,2025-07-22,Candidature envoyée,https://jobs.makesense.org/fr/jobs/clean-horizon-ingenieur-machine-learning-et-data-scientist-fh-WlErNHDJ6dvAgqxovhvP?utm_campaign=jobs_digest_22-07-25&utm_medium=email&utm_source=jobs_digest,,CV1,,Clean Horizon,7.0,Data Scientist
Data Scientist,2025-07-22,Candidature envoyée,https://www.welcometothejungle.com/fr/companies/fondation-fondamental/jobs/data-scientist_creteil?sp_ref=9644741d-e4eb-41db-bcb6-a41502c79da4&sp_src=job_alert_email&utm_campaign=meilisearch&utm_medium=email&utm_source=job_alerts,,CV1,,Fondation Fondamental,7.0,Data Scientist
Machine Learning Engineer,2025-07-21,Refus,https://www.welcometothejungle.com/fr/companies/wiremind/jobs/machine-learning-engineer-h-f-cdi-paris_paris,2025-07-23,CV1,,WIREMIND,7.0,Data Scientist
Demand Planner,2025-07-21,Candidature envoyée,https://sud-express.talentview.io/jobs/i7dy8f?source=linkedin,,CV1,,Sud Express,7.0,Autre
Chef de Projet Junior,2025-07-21,Refus,https://www.welcometothejungle.com/fr/companies/polynom/jobs/cdi-chef-de-projet-junior_rueil-malmaison,2025-07-21,CV1,,Polynom,7.0,Autre
Stage – Data Analyst (H/F) – 6 mois,2025-07-21,Refus,https://www.welcometothejungle.com/fr/companies/my-job-glasses/jobs/stage-data-analyst-h-f-6-mois_paris,2025-07-22,CV1,,My Job Glasses,7.0,Data Analyst
Operations Analyst - Stage,2025-07-21,Refus,https://www.welcometothejungle.com/fr/companies/sidecare/jobs/operations-analyst-stage_paris,2025-07-22,CV1,,Sidecare,7.0,Autre
Business & Innovation Analyst,2025-07-20,Candidature envoyée,https://www.welcometothejungle.com/fr/companies/karetis/jobs/business-innovation-analyst_neuilly-sur-seine,,CV1,,Karetis,7.0,Autre
Technical Business Analyst,2025-07-20,Candidature envoyée,https://www.welcometothejungle.com/fr/companies/add-value-assurances/jobs/technical-business-analyst-h-f_paris,,CV1,,Add Value Assurance Digitale,7.0,Data Analyst
Data Analyst,2025-07-20,Refus,https://www.welcometothejungle.com/fr/companies/jolimoi/jobs/data-analyst_paris_JOLIM_y4l02R2,2025-07-23,CV1,,Jolimoi,7.0,Data Analyst
Junior Data Engineer,2025-07-20,Candidature envoyée,https://www.linkedin.com/jobs/view/4267777048/?refId=ByteString(length%3D16%2Cbytes%3D21537849...f6be74cf)&trackingId=b6QNniibBmDS9G77JCizWA%3D%3D,,CV1,,DoubleVerify,7.0,Data Engineer
Analyste de données,2025-07-18,Candidature envoyée,https://www.linkedin.com/jobs/view/4267448829/?trackingId=XY5%2FwZggOoliK4QvAoengQ%3D%3D&refId=ByteString%28length%3D16%2Cbytes%3Db8d257ee...5b0a7966%29&midToken=AQF6cDKQRpkL-Q&midSig=09W-fhK0wLOHQ1&trk=eml-email_job_alert_digest_01-primary_job_list-0-jobcard_body_7877805114&trkEmail=eml-email_job_alert_digest_01-primary_job_list-0-jobcard_body_7877805114-null-5mjdi4~mda1dfch~jx-null-null&eid=5mjdi4-mda1dfch-jx&otpToken=MTEwMTFlZTExYTI4Y2FjZGIyMjQwNGVkNDMxY2VlYjU4OWM5ZDU0Njk4YWE4YTYxNzhjZTA4Njg0ZjU5NWFmNmY0ZGY4ZWIyMTVlZmJhZTU1NzkyNWM5ZTFiNmZiMzRiMTVjYzU1OTE3ZGQ1M2VkM2NlYmIsMSwx,,CV1,,Ricoh France,7.0,Data Analyst
DAta Analyst,2025-07-18,Refus,https://www.linkedin.com/jobs/view/4267592556/?eBP=NOT_ELIGIBLE_FOR_CHARGING&refId=bi4ZYV6zDHyQarHEunM7QQ%3D%3D&trackingId=gFzVKE09NnHRRad6hD26ow%3D%3D&trk=flagship3_search_srp_jobs,2025-07-28,CV1,,Elax Energie,7.0,Data Analyst
Data Analyst,2025-07-18,Refus,https://www.linkedin.com/jobs/view/4228436664/?eBP=NOT_ELIGIBLE_FOR_CHARGING&refId=bi4ZYV6zDHyQarHEunM7QQ%3D%3D&trackingId=EFPWavGm4mMR55gc1u%2BqtA%3D%3D,2025-07-21,CV1,,Avisia,7.0,Data Analyst
Operations Analyst,2025-07-18,Candidature envoyée,https://www.linkedin.com/jobs/view/4261728917/?refId=808c1231-10f8-41e1-95f9-d673bcbbedcb&trackingId=nYH2NPcTTX6R3%2B49N8YrmQ%3D%3D&trk=flagship3_job_home_savedjobs,,CV1,,Ankorstore,7.0,Autre
Business Analyst,2025-07-18,Refus,https://jobs.worldline.com/job/Business-Analyst-%2528FH%2529/299987-en_US?src=LinkedIn,2025-07-24,CV1,,Worldline,7.0,Data Analyst
Data Analyst - CDD 1 an,2025-07-18,Candidature envoyée,https://catalina.wd1.myworkdayjobs.com/fr-FR/Catalina/job/Data-Analyst-F-H_R0002554,,CV1,,Catalina,7.0,Data Analyst
BUSINESS DATA ANALYST,2025-07-18,Candidature envoyée,https://talents.hermes.com/fr/sites/CX/job/16883?mode=job-location&utm_source=linkedin&utm_medium=jobboard,,CV1,,Hermès,7.0,Data Analyst
Stage - Assistant Data Analyst,2025-07-17,Candidature envoyée,https://www.hellowork.com/fr-fr/emplois/67760543.html?_gl=1*gtg0mk*_up*MQ..*_gs*MQ..&gclid=CjwKCAjwvuLDBhAOEiwAPtF0VhAIQZjIIBOTCq08sadX7thAfyXPDRAULKfIDFAP0TES3mH2AQI0RRoCY3EQAvD_BwE&gbraid=0AAAAADnF6J4AutQfzppBPPcBQaRVLHB4I,,CV1,,Monoprix,7.0,Data Analyst
Stagiaire data Engineer - Stage 6 mois,2025-07-17,Candidature envoyée,https://brutfrance.teamtailor.com/jobs/5996366-stagiaire-data-engineer-stage-6-mois,,CV1,,Brut,7.0,Data Engineer
Stage - Internship Demand Planner - Data Analyst,2025-07-17,Candidature envoyée,https://www.hellowork.com/fr-fr/emplois/67758083.html?_gl=1*gtg0mk*_up*MQ..*_gs*MQ..&gclid=CjwKCAjwvuLDBhAOEiwAPtF0VhAIQZjIIBOTCq08sadX7thAfyXPDRAULKfIDFAP0TES3mH2AQI0RRoCY3EQAvD_BwE&gbraid=0AAAAADnF6J4AutQfzppBPPcBQaRVLHB4I,,CV1,,Coty,7.0,Data Analyst
Data Analyst - 6 months Internship,2025-07-17,Candidature envoyée,https://www.deezerjobs.com/fr/details-doffre/?jid=REF1715C,,CV1,,Deezer,7.0,Data Analyst
Data Analyste,2025-07-17,Candidature envoyée,https://www.hellowork.com/fr-fr/emplois/68145623.html#postuler,,CV1,,Spirica,7.0,Data Analyst
Data Analyste et Suivi Réclamations Clients - Mazda Automobiles France,2025-07-17,Refus,https://www.hellowork.com/fr-fr/emplois/68152049.html?_gl=1*18c3q11*_up*MQ..*_gs*MQ..&gclid=CjwKCAjwvuLDBhAOEiwAPtF0VhAIQZjIIBOTCq08sadX7thAfyXPDRAULKfIDFAP0TES3mH2AQI0RRoCY3EQAvD_BwE&gbraid=0AAAAADnF6J4AutQfzppBPPcBQaRVLHB4I#postuler,,CV1,,Mazda,7.0,Data Analyst
Analytics Engineer - Stage - Paris,2025-07-16,Candidature envoyée,https://www.welcometothejungle.com/fr/companies/corail-analaytics/jobs/data-analytics-engineer-internship,,CV1,,Corail Analytics,7.0,Analytics Engineer
BUSINESS ANALYST,2025-07-16,Refus,https://jobs.adidas-group.com/job/Paris-Business-Analyst-%28HFD%29/1225593601/?feedId=301201&utm_source=j2w,2025-07-30,CV1,,Adidas,7.0,Data Analyst
ANALYSTE DE DONNÉES,2025-07-16,Candidature envoyée,https://www.linkedin.com/jobs/view/4262815546/?eBP=CwEAAAGYFKvXFFzi9vsoosvIU3mQv__fXju6YnLsKDwMnqfGhZNfCFCpODKaFG5xvUSyTQkJwyA3MyWnEuncR7i6_RS3zR99Bw48X3bvfTozcP9g1vuAqhDf9C5WhAiwbrG8bxylk08RPOfkU7cal7TXRAmJ-3GP8sCF9fl0tjNcBMoofTzwv98V_QbPasxvcGBE8svVy0kPiLIM_7LyXtYobMIzhZkdhu0FnZ_5b6aoHM7WPZvpL6cCQcPESxfNpbxIKxDMZo9IYGAHDXbjaQ9FqAwcWx-O5sJ8l61doE0jflYLVfz3eiyiEsFnT62burG56c-LWbWysKOpAV9mctS9A6oRLZhizDYNIHxvi1IE_fph8TF_qJiBaJeINd4M2J4QVEI2pB3BzNOHU33k_L26tVzMaJlkWeSJQ60dt6TOv_Q5Aw&refId=T4vng95M2ScH0Zb0T3PaqA%3D%3D&trackingId=OKiXNKjR4M4vegjBIkwRPg%3D%3D&trk=flagship3_search_srp_jobs,,CV1,,Département de l’essonne,7.0,Data Analyst
Data Analyst Junior,2025-07-16,Refus,https://www.linkedin.com/jobs/view/4267291411/?eBP=NOT_ELIGIBLE_FOR_CHARGING&refId=T4vng95M2ScH0Zb0T3PaqA%3D%3D&trackingId=qkbMKLqgItcMzVV7qRGhaA%3D%3D&trk=flagship3_search_srp_jobs,2025-07-23,CV1,,Keyence Corporation,7.0,Data Analyst
Stage Data & Tech,2025-07-16,Candidature envoyée,https://jobs.jobvite.com/groupm-emea/job/oRcYufwf,,CV1,,WPP Media,7.0,Autre
Health Data Scientist Internship,2025-07-16,Candidature envoyée,https://apply.workable.com/withings/j/25FD9C98E0/,,CV1,,Withings,7.0,Data Scientist
Data analyst in Competitive/Business Intelligence,2025-07-16,Candidature envoyée,https://www.linkedin.com/jobs/view/4266654931/?trackingId=fMjnEXGuv1VXqqlhCqwE0g%3D%3D&refId=ByteString%28length%3D16%2Cbytes%3D0a63ec6f...6aac57a7%29&midToken=AQF6cDKQRpkL-Q&midSig=0oy9YO4hZfKrQ1&trk=eml-email_job_alert_digest_01-primary_job_list-0-jobcard_body_7877805114&trkEmail=eml-email_job_alert_digest_01-primary_job_list-0-jobcard_body_7877805114-null-5mjdi4~md5r1vhx~1z-null-null&eid=5mjdi4-md5r1vhx-1z&otpToken=MTEwMTFlZTExYTI4Y2FjZGIyMjQwNGVkNDMxY2UxYjE4OGNiZDU0NzlmYWY4OTYxNzhjZTA4Njg0ZjU5NWFmNmY0ZGY5MmIyNzRjMmViYzA1MmJkMmZkN2M2OWEwNDE4MjQ5MzYwNzY2N2YwODM2MjU2ZTYsMSwx,,CV1,,Servier,7.0,Data Analyst
Data Analyst,2025-07-16,Candidature envoyée,https://recruiterflow.com/licornesociety/jobs/14168?source=linkedin_basic&utm_channel=recruiterflow-posting&location=1,,CV1,,Leonar,7.0,Data Analyst
Voice of Client Analyst,2025-07-15,Candidature envoyée,https://jobs.richemont.com/Richemont/job/Paris-Voice-of-Client-Analyst-HF-75/1194851901/?feedId=337801&utm_source=LinkedInJobPostings&utm_campaign=Richemont_LinkedIn,,CV1,,Richemont,7.0,Autre
BI & Analytics Specialist,2025-07-15,Refus,https://pernodricard.wd3.myworkdayjobs.com/fr-FR/pernod-ricard/job/Paris/BI---Analytics-Specialist_JR-045393-1,,CV1,,Pernot Ricard,7.0,Autre
Stage - Data Analyst,2025-07-15,Refus,https://tessan1.recruitee.com/o/stage-data-analyst-hf-3,,CV1,,Tessan,7.0,Data Analyst
Product Data Analyst,2025-07-15,Refus,https://www.hellowork.com/fr-fr/emplois/68037003.html,,CV1,,Matera,7.0,Data Analyst
Business Analyst Data,2025-07-15,Candidature envoyée,https://www.hellowork.com/fr-fr/emplois/67375564.html,,CV1,,Lgis Hotel,7.0,Data Analyst
Data Analyst / Data Engineer – Stage,2025-07-15,Refus,https://www.welcometothejungle.com/fr/companies/vente-unique/jobs/data-analyst-data-engineer-stage-h-f_paris_VENTE_OyXJXJq,,CV1,,vente-unique.com,7.0,Data Engineer
Stage – Business & Strategy Analyst,2025-07-15,Candidature envoyée,https://www.welcometothejungle.com/fr/companies/faume/jobs/stage-business-strategy-analyst-h-f_paris,,CV1,,Faume,7.0,Autre
Intern Data Scientist: International Trade Flows,2025-07-15,Refus,https://www.welcometothejungle.com/fr/companies/quantcube-technology/jobs/intern-data-scientist-international-trade-flows_paris_QT_KVYZWP0,,CV1,,QUANTCUBE TECHNOLOGY,7.0,Data Scientist
Consultant·e Junior (Analyst) en Transformation Digitale - CTO Advisory / Digital Workplace – CDI,2025-07-15,Candidature envoyée,https://jobs.smartrecruiters.com/Wavestone1/743999839429810-cto-advisory-future-of-work,,CV1,,Wavestone,7.0,Autre
Data Analyst junior,2025-06-20,Candidature envoyée,https://www.linkedin.com/jobs/collections/similar-jobs/?currentJobId=4253703417&originToLandingJobPostings=4253703417&referenceJobId=4240433586,,CV1,,Galileo Global Education,6.0,Data Analyst
Data Scientist – IA Générative & NLP,2025-06-17,Sans réponse,https://www.welcometothejungle.com/fr/companies/jobglober/jobs/data-scientist-ia-generative-nlp_paris,2025-07-17,CV1,,Jobglober,6.0,Data Scientist
Customer Succes Manager en CDD,2025-06-17,Sans réponse,https://www.welcometothejungle.com/fr/companies/groupe-imagine-human/jobs/customer-succes-manager-en-cdd_paris,2025-07-17,CV1,,GROUPE IMAGINE HUMAN,6.0,Autre
Customer Success Manager,2025-06-17,Refus,https://www.welcometothejungle.com/fr/companies/boondmanager/jobs/customer-success-manager-paris_paris,,CV1,,Boondmanager,6.0,Autre
Data Analyst,2025-06-17,Sans réponse,https://www.welcometothejungle.com/fr/companies/leasecom/jobs/data-analyst-h-f_paris_LEASE_6LWWox3?sp_ref=9644741d-e4eb-41db-bcb6-a41502c79da4&sp_src=job_alert_email&utm_medium=email&utm_source=job_alerts&utm_campaign=meilisearch,2025-07-17,CV1,,Leasecom,6.0,Data Analyst
Business Data Analyst et Intelligence Artificielle (H/F),2025-06-16,Sans réponse,https://www.welcometothejungle.com/fr/companies/kiwee-care/jobs/business-data-analyst-et-intelligence-artificielle-h-f_rueil-malmaison_KIWEE_a9Y2pZD?q=5991eaaf7bd8933c4a68dfc88cf96892&o=df443838-1ce7-4b33-95a0-bc21ec32bc47,2025-07-16,CV1,,Kiwee.care,6.0,Data Scientist
Junior Data Engineer,2025-06-16,Refus,https://www.welcometothejungle.com/fr/companies/kovalee/jobs/junior-data-engineer_paris?q=5991eaaf7bd8933c4a68dfc88cf96892&o=d7c9a341-b589-4ab2-905f-110de1f55460,,CV1,,Kovalee,6.0,Data Engineer
Junior Data Scientist,2025-06-15,Refus,https://www.welcometothejungle.com/fr/companies/ornikar/jobs/junior-data-scientist_paris?q=2dbd6e2163faa3938c7b80b527114940&o=9f78ab7d-7f92-4fc6-8a16-19e7e7070eb6,,CV1,,Ornikar,6.0,Data Scientist
Data Analyst,2025-06-15,Sans réponse,https://www.welcometothejungle.com/fr/companies/colas-digital-solutions/jobs/data-analyst-f-h_velizy-villacoublay,2025-07-15,CV1,,Colas,6.0,Data Analyst
Data Analyst,2025-06-15,Sans réponse,https://www.welcometothejungle.com/fr/companies/hotelbb/jobs/business-analyst-data-analyst_paris?referrer=linkedin,2025-07-15,CV1,,B&B Hotels,6.0,Data Analyst
Product Data Analyst,2025-06-12,Refus,https://www.welcometothejungle.com/fr/companies/matera/jobs/cdi-product-data-analyst-paris_paris?sp_ref=9644741d-e4eb-41db-bcb6-a41502c79da4&sp_src=job_alert_email&utm_medium=email&utm_source=job_alerts&utm_campaign=meilisearch,,CV1,camille.kerdiles@matera.eu,Matera,6.0,Data Analyst
nan,,Pas encore candidaté,,,CV3,,Nom de l’entrepriseubis,,Autre
In-house Analyst Consultant,2025-06-06,Refus,https://www.linkedin.com/jobs/view/4215368197/?refId=36e6f662-6b9e-4218-b43d-4f8e214232bb&trackingId=%2BSs8PxjlR4yIV21a%2F7Hiug%3D%3D&trk=flagship3_job_home_savedjobs,,CV1,,Pic Nic,6.0,Autre
Data Analyst,2025-06-06,Sans réponse,https://sec.wd3.myworkdayjobs.com/fr-FR/Samsung_Careers/job/6-rue-Fructidor-Saint-Ouen-France/Stage-Data-Analyst-Junior--H-F----6-mois_R99960?source=SRC_02_12,2025-07-06,CV1,,Samsung,6.0,Data Analyst
Data Scientist - STAGE,2025-06-06,Sans réponse,https://www.linkedin.com/jobs/view/4245576192/?eBP=NOT_ELIGIBLE_FOR_CHARGING&refId=IqOnkBBd0T2V7BktCt4ItA%3D%3D&trackingId=b4yy5AQjko9KdVprfan91w%3D%3D&trk=flagship3_search_srp_jobs,2025-07-06,CV1,,Sony Music Entertainment France,6.0,Data Scientist
Support fonctionnel en contrôle de gestion /Finance - Junior,2025-06-06,Sans réponse,https://www.welcometothejungle.com/fr/companies/qotid/jobs/support-fonctionnel-en-controle-de-gestion-finance-junior-h-f-cdi_paris?q=890144a46be1008b8b52984cbf745467&o=e59db3c4-0d68-4a93-ab25-5e5844a7d9d6,2025-07-06,CV1,,Quotid,6.0,Autre
Data Analyst Junior,2025-06-04,Sans réponse,https://www.linkedin.com/jobs/view/4242065495/?refId=69d4128a-d3f6-3d1c-8a61-987ec24f736e&eBP=CwEAAAGXO2-60CSqcmaImY9ftRiNfBFdBFmYJFZvkQ6uB0xQP96hwsK67ytXBEz00Etl8KaMs8z3H77ZP92ihfs6Rahz3XYYXum0LNzDYC1CjYPRCasyMtv7vvdqSb_eOJEbUIn7C_uoXuvGmvuAfD4_zpO7lGMEUcZMZzCg7kExmOmoVIWNrZl3sWCc5NPExTxdfg94Qzb8EHw8exb9HAavSCaVpaCNkapQPSiVJqlMJ7NZx86rfWox1TQHzjnKkbsNosEfbE0d2cch6mNwruDKdSJQtq-6MDPgfZmaJSqSiD49p6im_1C6JsEtccBmJASv6viUsKXTJ_PCqdrTaH7FsgHDYOO4Ylv0IanSGSHAVlHO_uVDdx3Oxkb3-Fm_mb70&trackingId=RzFcsEqM7FC1hfznz43Arw%3D%3D,2025-07-04,CV1,,Sisley,6.0,Data Analyst
Stagiaire Data Analyst,2025-06-04,Refus après entretien,https://www.linkedin.com/jobs/view/4240433586/?refId=uyQTtUIIRBCORzwY0fyzVA%3D%3D&trackingId=sXUv4KvZSk6glo1JgCDCXQ%3D%3D,,CV1,kader.danon@adevinta.com,Le Bon Coin,6.0,Data Analyst
Data Analyst,2025-06-04,Sans réponse,https://www.linkedin.com/jobs/view/4244477374/?refId=100e728f-183a-4a80-9716-0c1412b19965&trackingId=Odq6m2WKT7OO3fFNJT9knw%3D%3D,2025-07-04,CV1,marcantoine.sergeant@h4p.fr,Health for People,6.0,Data Analyst
Machine Learning Engineer,2025-06-03,Refus,https://apply.workable.com/cybelangel/j/6DB8DFA11C/,,CV1,,Cybel Angel,6.0,Data Scientist
Data Analyst Intern,2025-06-03,Sans réponse,https://www.welcometothejungle.com/fr/companies/united-heroes-group/jobs/data-analyst-intern_paris?q=6ccc8c3a524c98ea9853ccc139988deb&o=28f493ba-e6f6-49cc-88ef-525376d1b884,2025-07-03,CV1,,United Heroes,6.0,Data Analyst
STAGIAIRE DATA ENGINEER -DATA SCIENTIST,2025-06-03,Sans réponse,https://www.welcometothejungle.com/fr/companies/arte-charpentier/jobs/stagiaire-data-engineer-data-scientist_paris?q=6ccc8c3a524c98ea9853ccc139988deb&o=9427d133-a98e-4b11-be4c-8b8c61999086,2025-07-03,CV1,,Arte Charpentier,6.0,Data Engineer
Gestionnaire base de données,2025-06-03,Sans réponse,https://fr.indeed.com/viewjob?cmp=BME-FRANCE&t=Gestionnaire+Base+De+Données&jk=6594c94fbf755b28&q=gestionnaire+data&xpse=SoCZ67I3xbM5qt3Xrx0LbzkdCdPP&xfps=ed709fef-861f-4931-a7fe-e849ce7e86ac&xkcb=SoCI67M3xbM8mEUSAB0PbzkdCdPP&vjs=3&from=iaBackPress&applied=1&from=smart-apply,2025-07-03,CV1,,BME France,6.0,Autre
Responsable Gestionnaires de Données Clients,2025-06-03,Sans réponse,https://fr.indeed.com/viewjob?jk=5762f4f10a325520&tk=1isr27fn2jthf801&from=serp&vjs=3,2025-07-03,CV1,,Chubb Fire & Security,6.0,Autre
Gestionnaire de données,2025-06-03,Sans réponse,https://fr.indeed.com/viewjob?jk=34e7939e495b2639&tk=1isr25idem3qv86e&from=serp&vjs=3,2025-07-03,CV1,,SSP,6.0,Autre
Gestionnaire de données,2025-06-03,Sans réponse,https://fr.getraline.com/gestionnaire-de-donnees/,2025-07-03,CV1,,Getraline,6.0,Autre
Gestionnaire Data,2025-06-03,Refus,https://fr.indeed.com/viewjob?jk=1474f9cd56a1c892&tk=1iso423kkioij83r&from=serp&vjs=3,2025-07-22,CV1,,In Vivo,6.0,Autre
Junior Deep Learning R&D Engineer,2025-06-03,Refus,https://www.linkedin.com/jobs/view/4240798649/?eBP=CwEAAAGXNc7m8yyZ2_dvixmtPuhWotFDmwIQsjcbe57x6RASUXbE6QRoiCAaVJYXXQU0D5L6hRi2IDOCRVJL1KJiI0czIPxm7Rl61bgE_wVTkJkb21i1HP3SzYuzxlkAWiynB200u0lRk9Gz1FMG0GfNa2rfpVLdhZf-WSpzyMERnvk5qIeeP2ZRZ97PpHVwXijEIiTc2qot6NsS6vcPQzAKGBHjVXo3SGtCkkyEpqOZfGBwAAv2kdi3wQxGrX3yaXOtBc8K_PlFhGb4-wP9IrHyKUv7D0-dtMUfC4NyNtWqozp-qdmCuSDaGNlXSXzHMkKmH9L2Y1NdPlLVd9mE3CFXuQzomtCLB75E1lHx2fphtYv9pQhJFHzKuaL1RzgKK5MU1rk&refId=f641fbe1-a797-3198-b1f5-893816554d93&trackingId=7oqh5RlZB0yIO7Kf%2FW5tqA%3D%3D,,CV1,,Nintendo,6.0,Data Scientist
Data Analyst,2025-06-02,Refus,https://www.aresiarecrute.com/jobs/5673319-data-analyst-h-f?utm_source=LinkedIn,,CV1,,Aresia,6.0,Data Analyst
Data Analyst Junior,2025-06-02,Refus,https://www.linkedin.com/jobs/view/4240266731/?eBP=BUDGET_EXHAUSTED_JOB&refId=CfNpSN90ZizT8tjMvL13gQ%3D%3D&trackingId=CET9qYEYpEj%2F2XsvX1oMQA%3D%3D&trk=flagship3_jobs_discovery_jymbii,,CV1,,Winamax,6.0,Data Analyst
Gestionnaire Base de Données,2025-06-02,Refus,https://www.hellowork.com/fr-fr/emplois/66043085.html?_gl=1*idzpai*_up*MQ..*_gs*MQ..&gclid=CjwKCAjwl_XBBhAUEiwAWK2hzmCPaQW4Qt4bvruEiIEV-a6T72-U06GBQUM9oULEgQN7H4C9cBwzchoCU7QQAvD_BwE&gbraid=0AAAAADnF6J7Zi2552gR7O_iFfdCjoe86x,,CV1,,Saint-Gobain,6.0,Autre
Middle Office - Contrôle des Données de Marché,2025-06-02,Sans réponse,https://www.hellowork.com/fr-fr/emplois/66243547.html?_gl=1*idzpai*_up*MQ..*_gs*MQ..&gclid=CjwKCAjwl_XBBhAUEiwAWK2hzmCPaQW4Qt4bvruEiIEV-a6T72-U06GBQUM9oULEgQN7H4C9cBwzchoCU7QQAvD_BwE&gbraid=0AAAAADnF6J7Zi2552gR7O_iFfdCjoe86x#postuler,2025-07-02,CV1,,Grafton,6.0,Autre
GESTIONNAIRE BASE DE DONNÉES JUNIOR / DÉBUTANT,2025-06-02,Sans réponse,https://www.sinclairressources.com/offre-emploi/48400/gestionnaire-base-de-donnees-junior-debutant-h-f,2025-07-02,CV1,,Saint Claire Ressources,6.0,Autre
Gestionnaire Base de Donnees Produits,2025-06-02,Refus,https://www.hellowork.com/fr-fr/emplois/62267755.html?_gl=1*ih5ok*_up*MQ..*_gs*MQ..&gclid=CjwKCAjwl_XBBhAUEiwAWK2hzmCPaQW4Qt4bvruEiIEV-a6T72-U06GBQUM9oULEgQN7H4C9cBwzchoCU7QQAvD_BwE&gbraid=0AAAAADnF6J7Zi2552gR7O_iFfdCjoe86x#postuler,,CV1,,Alliance Automitve Group,6.0,Autre
Gestionnaire de données,2025-06-02,Sans réponse,https://recrutement.teract.com/Pages/Offre/detailoffre.aspx?idOffre=6868&idOrigine=&LCID=1036&offerReference=SDA-GDT-SL-6868,2025-07-02,CV1,,Teract,6.0,Autre
Sacem,2025-06-02,Sans réponse,https://sacem.profils.org/offre-de-emploi/emploi-chargee-charge-de-clientele-_2081.aspx,2025-07-02,CV1,,Chargé de clientèle,6.0,Autre
Data Scientist Junior,2025-06-18,Candidature envoyée,https://www.welcometothejungle.com/fr/companies/humans-matter/jobs/data-scientist-junior-h-f_paris?sp_ref=9644741d-e4eb-41db-bcb6-a41502c79da4&sp_src=job_alert_email&utm_medium=email&utm_source=job_alerts&utm_campaign=meilisearch,,CV1,,Humans Matters,6.0,Data Scientist
Data Analyst,2025-05-30,Sans réponse,https://www.welcometothejungle.com/fr/companies/wecasa/jobs/data-analyst-h-f-nb-cdi_paris?q=cff564f3c095413adcf133788396fd32&o=7e72d5b4-addd-4725-982b-685f1b4ed723,2025-06-29,CV1,,We Casa,5.0,Data Analyst
Stage - Data Science,2025-05-29,Sans réponse,https://www.hellowork.com/fr-fr/emplois/66162514.html,2025-06-28,CV1,,Groupe Bel,5.0,Autre
Junior Digital transformation Data Analyst,2025-05-29,Sans réponse,https://careers.accor.com/global/en/job/junior-digital-transformation-data-analyst-in-issy-les-moulineaux-france-jid-55806,2025-06-28,CV1,michelle.capel@accor.com,Accor,5.0,Data Analyst
BUSINESS & DATA ANALYST,2025-05-28,Refus,https://www.welcometothejungle.com/fr/companies/canal-group/jobs/cdi-business-data-analyst-f-h-x_issy-les-moulineaux_CG_g12OMjx,,CV1,,Canal+,5.0,Data Analyst
Data Analyste Marketing,2025-05-28,Refus,https://jobs.lever.co/cheerz/aa0fba0e-3143-4ee9-8bd6-2d488ad5eef8,,CV1,,Cheerz,5.0,Data Analyst
Data Analyst,2025-05-28,Sans réponse,https://sodexo-recrute.talent-soft.com/offre-de-emploi/emploi-data-analyst-h-f_44157.aspx#ancrecontenu,2025-06-27,CV1,,Sodexo,5.0,Data Analyst
Junior / Mid Product Manager,2025-05-28,Refus,https://carrier.wd5.myworkdayjobs.com/fr-FR/kgs_jobs/job/Junior---Mid-Product-Manager---Digital-Solutions_30182435,,CV1,,Kidde,5.0,Autre
Business Analyst,2025-05-28,Sans réponse,https://www.linkedin.com/jobs/view/4236203353/?eBP=CwEAAAGXFhY2s3SNS4BBCVIhbbvwi4m2bVfeioMhBRV-iHOsayRdu1WFgOX560xXiwaW9moK7i6YuTQ5wRhhLMpC5T-mvG6FJ5J0QKNbTWdU2yds6lZapAPWHKZAKTioW6DJ1tlUrYEsAgrz4Qju9ksuAqyPgwvzcYgOrlByqj7uCAoaXvrpdpiBXwMdFi_e9X6qqQQ0ohjEe6gB6OTxWfj1mzEszSb_ozY4-3a-8JgT2uPlOkDXjF31qviAuxRKpo15jR5TiuOGCV0keAU8QVpR-dP0K5ww7VwbQRadxcwgQXCya7lDFObl9QrarrF_y7FUnjhbey0YmeB29RdNf0mw1R6aPYqTOcLWrlnF3O6YtOZ27GgmHUQgiCjBM5djaMlG02AuJtsogIrzJrHlmDvY7ZoNxor6KEgZlxa6SFuXmZXFrR35m0hhHASLyBmR_kBSV9OEwsqykTz6s6sHQu2WfTd9EX9vAAQ3lnE3_-7RlxqSRD7WBitq_nn3OW00oTA5M7IHqwomtCzrOkegSKhq&refId=TcP3Y%2FMr%2B%2Frx9fImZk%2Ft1Q%3D%3D&trackingId=a02zsvaCmWbxXyx4rwZtVw%3D%3D&trk=flagship3_search_srp_jobs,2025-06-27,CV1,,Petit Bateau,5.0,Data Analyst
Assistant BI,2025-05-28,Sans réponse,https://www.linkedin.com/jobs/view/4235674791/?eBP=NOT_ELIGIBLE_FOR_CHARGING&refId=TcP3Y%2FMr%2B%2Frx9fImZk%2Ft1Q%3D%3D&trackingId=3VbBq2G7wmTsKqDmqkLa4Q%3D%3D&trk=flagship3_search_srp_jobs,2025-06-27,CV1,,Marvesting,5.0,Autre
Data Scientist,2025-05-28,Refus,https://www.apec.fr/candidat/recherche-emploi.html/emploi/detail-offre/176553618W?xtor=AL-5110-[partenaire]-[regionsjob],,CV1,,EFOR PARIS,5.0,Data Scientist
Ingénieur.e data et tech - Stage,2025-05-28,Sans réponse,https://jobs.makesense.org/fr/jobs/willy-anti-gaspi-ingenieure-data-et-tech-stage-8twJu109SnxVxNnZugmP?source=search,2025-06-27,CV1,,Willy Anti Gaspi,5.0,Autre
Data Analyst,2025-05-27,Sans réponse,https://recrutement.savills.fr/fr/annonce/3611949-cdi-data-analyst-real-estate-valuation-hf-75017-paris,2025-06-26,CV1,,Savills,5.0,Data Analyst
Data Analyst,2025-05-27,Sans réponse,https://www.linkedin.com/jobs/view/4235876712/?eBP=CwEAAAGXEcrIzLF6M9x8oBOz_HF4Edv-zGCleuQypIm0J5tGrDkmp7hdPjaYRj1qrZun8_FcCkde_qfPuOQCBz1RYLEF9MQlPz2-aUywwaZp6TF6JFDK7m45a2QV0wOIic8LPLtr_j2GKjVKuPmMAqEruzX84kDM-ufc_N8KQXZa8VKsbCBDrQWE3WE3KCy0iSsGDT60B1C2FdRemW6EbQLng0_ViL8o5JyIHkv4jd8uGlABgQdfEvg3ugHbFHpCAV7GythDEcKcj8DodJQikynt8h9vUjpjZ0otMMACE2GogZ9te9FFLLHgQ0fvkmGe5N0C3iwJ4p0OmkHY1UUqNSTjAk1YqZAhfh8EnDeuGar5OlUxAzky8KR0VpKYEYEfl2XupGJ5FF01CPhdbaNRK1ZC2eFm3IND8hODNbudRc8UC3iAlXW493ULO1LCzgTif5URmSOkkSjipzc1wNj4nLTBE5Jaade9EUHsFyui_rkDFXuvF8cHXD7L-04-roLUI5sKTOBNEKrSrw&refId=gDIRSzyx81f7YWqLYu4kdQ%3D%3D&trackingId=8HTzAeWBhAy1WV2XPJvBXw%3D%3D&trk=flagship3_search_srp_jobs,2025-06-26,CV1,,Lucca,5.0,Data Analyst
Data Analyst Junior,2025-05-27,Refus,https://lesjeudis.com/jobs/data-or-big-data-jobs/191831?siteid=lesjeudis&utm_source=linkedin&utm_medium=job_slots_linkedin&utm_campaign=fr_feeda41,,CV1,,Veolia,5.0,Data Analyst
Data Analyst,2025-05-26,Refus,https://www.welcometothejungle.com/fr/companies/tripica/jobs/business-analyst-1-an-d-exp-minimum-paris-42k-56k-brut-h-f_paris?q=f47016de64c9dfb9b8ad507d7aa91307&o=73f0d763-4176-4c53-95c3-f4a685af84dd,,CV1,,Tripica,5.0,Data Analyst
Data Analyst,2025-05-26,Sans réponse,https://www.welcometothejungle.com/fr/companies/greenyellow/jobs/data-analyst-h-f_puteaux?sp_ref=9644741d-e4eb-41db-bcb6-a41502c79da4&sp_src=job_alert_email&utm_medium=email&utm_source=job_alerts&utm_campaign=meilisearch,2025-06-25,CV1,,GreenYellow,5.0,Data Analyst
Stage data Analytics Engineer,2025-05-26,Sans réponse,https://www.linkedin.com/jobs/view/4237917662/?refId=1e06d2a7-31d5-4444-817a-4d9ff07ec72e&trackingId=wTV%2B0JFtS2uNtFZyCKcd1w%3D%3D,2025-06-25,CV1,,The Bradery,5.0,Analytics Engineer
Chef de projet clients,2025-05-24,Refus,https://www.welcometothejungle.com/fr/companies/opendatasoft/jobs/chef-de-projet-clients-h-f?q=bb4cbb646977d2153dca56212ac0221b&o=507005af-1135-4351-8d34-c8e60d4ff3e1,,CV1,,Opendatasoft,5.0,Autre
Analytics Engineer,2025-05-24,Refus,https://www.welcometothejungle.com/fr/companies/alltricks/jobs/data-analyst-scientist-h-f_montigny-le-bretonneux?q=d6e7a4abff7577a9a1b124c07420a519&o=0ad464c4-ac7b-4748-9921-5622e672a6f8,,CV1,,All Tricks,5.0,Analytics Engineer
Data Analyst,2025-05-24,Refus,https://www.welcometothejungle.com/fr/companies/onepark/jobs/data-analyst-crm-f-h?q=4ba2b332a47c5aa01314ea4a97fe3cd1&o=2a67eedd-23d7-44ba-809c-0e332962fdbb,,CV1,,One Park,5.0,Data Analyst
Business Analyst,2025-05-24,Sans réponse,https://www.welcometothejungle.com/fr/companies/daveo/jobs/business-analyst-h-f_paris?q=4ba2b332a47c5aa01314ea4a97fe3cd1&o=84df9cde-1b33-4bd1-aca7-e5c30386f9c0,2025-06-23,CV1,,Daveo,5.0,Data Analyst
Chef de projet Emailing / CRM Manager - CDI - Paris,2025-05-24,Sans réponse,https://www.welcometothejungle.com/fr/companies/datashake/jobs/chef-de-projet-emailing-cdi-paris_paris?q=4ba2b332a47c5aa01314ea4a97fe3cd1&o=565d86b4-33a6-46a8-abe2-c70cdfa8a429,2025-06-23,CV1,,Datashake,5.0,Autre
Data Product Manager,2025-05-24,Refus,https://www.welcometothejungle.com/fr/companies/stockly/jobs/tech-product-owner-cdi-paris-2_paris?sp_ref=9644741d-e4eb-41db-bcb6-a41502c79da4&sp_src=job_alert_email&utm_medium=email&utm_source=job_alerts&utm_campaign=meilisearch,,CV1,,Stockly,5.0,Autre
Consultant junior Data & Analytics,2025-05-23,Sans réponse,https://fr.indeed.com/viewjob?jk=bfd17109198ee749&tk=1iruv93o3ksb4886&from=serp&vjs=3,2025-06-22,CV1,,Bearing Point France,5.0,Autre
Data Analyst,2025-05-23,Refus,https://fr.indeed.com/viewjob?jk=0407b056f2bbb296&tk=1iruupafql10g82a&from=serp&vjs=3,,CV1,,Jacadi,5.0,Data Analyst
Consultant Débutant Data Analyst,2025-05-23,Refus,https://fr.indeed.com/viewjob?jk=238a1448f5041ad7&tk=1iruuo6dvh33a884&from=serp&vjs=3,,CV1,,EY,5.0,Data Analyst
Consultant(e) Junior Data & IA,2025-05-23,Sans réponse,https://fr.indeed.com/viewjob?jk=7b8ec3359d4df601&tk=1iruuo6dvh33a884&from=serp&vjs=3,2025-06-22,CV1,,Adameo Consulting,5.0,Autre
Air & Ocean Data Analyst,2025-05-23,Sans réponse,https://fr.indeed.com/viewjob?jk=cb27ed04c6605982&tk=1iruuo6dvh33a884&from=serp&vjs=3,2025-06-22,CV1,,Ceva Logistics,5.0,Data Analyst
Gestionnaire de données techniques,2025-05-23,Sans réponse,https://fr.indeed.com/viewjob?jk=beb6bb43e9ed6f03&tk=1iruuleudjtj781p&from=serp&vjs=3,2025-06-22,CV1,,Scientech Interim,5.0,Autre
BUSINESS ANALYST MARKET DATA,2025-05-23,Sans réponse,https://www.clemajob.fr/fr/emploi/10953-emploi-Paris-BUSINESS-ANALYST-MARKET-DATA--H-F,2025-06-22,CV1,j.ouahba@parteck.net,Parteck,5.0,Data Analyst
Consultant(e) technico-fonctionnel,2025-05-22,Refus,https://www.linkedin.com/jobs/view/4233032518/?eBP=CwEAAAGW-GUEkkoZvGx1yPZcpEWYMtDP3ndNxAPL4kIQXAmUgC7ny2dJMjT-jpjBDIWTWMcbRJ1EpkGVLvIbnZG-fcwO3BLxvZ3LgpEiWH69iHy9hsSpidyeAZ-y7oPYcfzr960i1xJnH4Vp9d0F8c5YluISowUqtzwgzp8lOV3nIHGaTgBmBheDJWanuGRRTgRvS4o4g3uir7y_ehOD0DEi5fXRqPt1FWbJjI83aHwab9LlW52y3YDh2Qsmt_w7m6JejPBxGG9MRtD8in7QTxfhlKecC9Mp-6GQcg6dhaVpaI7avy3NBRlA7xt-IYD2RjtfhM62MwgzS0t-9iB8X9mnYLfKdi6JFQ7BCZ3tlUrAfvuc2RgRK5iEI7UWKdW5nzJl9sbM0lZjccgfHcFeUjZb-5QaqHpgB-amHWjXsQvNbr92pgBzv6YjMobwyScWJp3I9hO3eB5ECYwlgVpS8d--ZtWJKaEZP6cTcmHKN7N7kyfzDaqDkol8OfaK_wY3GOQr7Cq1-qSDbhuBeek&refId=Cqtz0ssdYVlc4K%2BO%2B50kOw%3D%3D&trackingId=JNwdo%2FrtznVGUJfWoc86Gg%3D%3D&trk=flagship3_search_srp_jobs,,CV1,,Clémentine,5.0,Autre
Junior Solution Architect,2025-05-22,Refus,https://redhat.wd5.myworkdayjobs.com/fr-CA/jobs/job/Puteaux/Junior-Solution-Architect--Puteaux--France-_R-047854-1?%2526%253Fmode=job&%2526iis=Job%252BBoard&%2526iisn=LinkedIn%252BPosting&source=LinkedIn,,CV1,,Red Hat,5.0,Autre
Analytics Engineer,2025-05-22,Refus,https://jobs.lever.co/veepee/754482d1-9783-43bb-bf38-0bdd54b6ae6a,,CV1,,Veepee,5.0,Analytics Engineer
Analyste fonctionnel / Business analyst,2025-05-22,Refus,https://www.linkedin.com/jobs/view/4204727515/?eBP=CwEAAAGW-FtiYFSF45-IzFiJdu09SduPp56n0kYF8tnbNowsMJ3-HEvcUSefqvCW13Vm2HMUV9FDRCQ6EVnbqVrIL9pWfJAiwBMiFdQBicaUD-jeM3y5vHPACqMajKatRgTr_TEqrtVyYcpA6ByRDCotIy7dKeAHQLlKFWVNEpbKRXnN3F2v9-R7j-5MBo5JWAtmja8gFPDPCfxg3J3xbAIJ55YGxmITaVIKZqzork-KRW_lm_QADSTBYzD4SlZBxJVyaPdN4aWmtLp3XkNFKQMmaK4_9ddye0rfWz2EnP4HgnYgRTX0cHzmvnL7p8pFwtSiP_objiZmUc7LT0mmGFKC2yjkXE8cmmdHoQpccdqUe7Oe0Dv8HRH6FzPmEI8NPPHiPGbscflZpMcNUP-bYUDZetEICef1Jss2slKddAvPQ-TT9NohdZKGaNppwRAquwZiqOROXH8UZ4Yv2FxTAHzTiQY-blvQb-eYJXHmgN9lHisLOE5loeAkXhz90IOIMB3lloke&refId=XzFhRHK%2FgjRIk1YkkgsdFQ%3D%3D&trackingId=K4UFVhL78E6%2F1Pyb%2B3Z%2FSg%3D%3D&trk=flagship3_search_srp_jobs,,CV1,,Smile,5.0,Data Analyst
Chef de projet data [Retail-Luxe],2025-05-22,Refus,https://www.linkedin.com/jobs/view/4235369176/?eBP=CwEAAAGW-FtiYEYh6MCngbbpVgRGs6oRvJpOV9gixyMdYhMRddYfN4pYEBgxm5USNDzoRYFrNTQHwkxtuK_ea0kCk1I6G27FvSKyIo_49AmdHqxB7Ir8zM0WtlHBSv6jfRk1-IM1WPG7BECEM37yd_huBJFMzIaMri3_O8OMLG6kNVQ_DUzZEv7o5D_WaHoVlPkA0xcjfCGJEiGCaaCyE5a0ABpYfDjwl0NY9Hw7HbP7usOo3SsYZyrT4Oj-tZZCM2np5txMxX4czPbbf92isCye6LL_EsLTE7vQS5wtMgyB75T9bs6davzxAPVCRW8sorZQlIXWitzGhwcatt18urlXRh6DmtrJdTV09UYez3ZiBbIQrm_k6S-dZDDe3sFqdsokCcRDF_bRi9UvkuZBw8ed0e7znVqMIZShgx3d3WwoRCTiC5SBgx-xjSKDhcdIlDetP7rUNabAfhAznTC1zxOYRCSXLuHXx1qCdg22_GDxwPrZcwrxCUaBfjjNFOTjJHvoRoavW5LPuQ&refId=XzFhRHK%2FgjRIk1YkkgsdFQ%3D%3D&trackingId=LzSpJfQto0UnnB1AGlX8pw%3D%3D&trk=flagship3_search_srp_jobs,,CV1,,Adone,5.0,Autre
Data Engineering - 6 months Internship,2025-05-22,Refus,https://www.linkedin.com/jobs/view/4234877104/?eBP=NOT_ELIGIBLE_FOR_CHARGING&refId=XzFhRHK%2FgjRIk1YkkgsdFQ%3D%3D&trackingId=ybMBRXvyHi1zML6bC7%2FigA%3D%3D&trk=flagship3_search_srp_jobs,,CV1,,Deezer,5.0,Data Engineer
Data Analyst,2025-05-22,Sans réponse,https://www.linkedin.com/jobs/view/4234750355/?eBP=NOT_ELIGIBLE_FOR_CHARGING&refId=XzFhRHK%2FgjRIk1YkkgsdFQ%3D%3D&trackingId=ix8x868Ix85NFLWgHHw%2Blw%3D%3D&trk=flagship3_search_srp_jobs,2025-06-21,CV1,,Veepee,5.0,Data Analyst
Ingénieur DATA,2025-05-22,Sans réponse,https://www.linkedin.com/jobs/view/4231475222/?trackingId=PbG2CnGq9Wiuxt70K7mzPQ%3D%3D&refId=ByteString(length%3D16%2Cbytes%3D95ab8da2...6380568b)&midToken=AQF6cDKQRpkL-Q&midSig=27DdqfaldTwXM1&trk=eml-email_job_alert_digest_01-job_card-0-jobcard_body&trkEmail=eml-email_job_alert_digest_01-job_card-0-jobcard_body-null-5mjdi4~maz1jp8p~rj-null-null&eid=5mjdi4-maz1jp8p-rj&otpToken=MTEwMTFlZTExYTI4Y2FjZGIyMjQwNGVkNDIxOWVmYmQ4N2NkZDU0ODk5YWQ4ODYxNzhjZTA4Njg0ZjU5NWFmNmY0ZGY5Mjg3NGZiNWU4ZmE3NGZhYzYzMTdjOTM1OTY5MWJmYjVmYTBmNjg1Mzk0OWEzMWQsMSwx,2025-06-21,CV1,,Departement du Val d’Oise,5.0,Data Engineer
Data Scientist Assistant - Stage,2025-05-21,Refus,https://www.hellowork.com/fr-fr/emplois/65773689.html,,CV1,,Ubisoft,5.0,Data Scientist
Ingenieur BI,2025-05-21,Sans réponse,https://www.lagardere.com/nous-rejoindre/nos-offres/ingenieur-bi-cdi-hf-2025-9286-lagardere-travel-retail-france-it-systemes-d-information-digital/,2025-06-20,CV1,,Lagardère,5.0,Autre
Data Analyst & Product Owner,2025-05-20,Sans réponse,https://jobs.makesense.org/fr/jobs/carbone-farmers-stage-data-analyst-et-product-owner-eOXFzYcXHqgIWhrGD5FD?source=search,2025-06-19,CV1,,Carbon Farmers,5.0,Data Analyst
Analyste de données et d'affaires,2025-05-20,Sans réponse,https://jobs.makesense.org/fr/jobs/hello-watt-data-et-business-analyst-stage-STcNc8wUqeRmaIU1Bboo?source=search,2025-06-19,CV1,,Hello Watt,5.0,Data Analyst
Data Analyst,2025-05-20,Sans réponse,https://www.welcometothejungle.com/fr/companies/leasecom/jobs/data-analyst-h-f_paris_LEASE_8eGx11x?sp_ref=9644741d-e4eb-41db-bcb6-a41502c79da4&sp_src=job_alert_email&utm_campaign=meilisearch&utm_medium=email&utm_source=job_alerts,2025-06-19,CV1,,Leasecom,5.0,Data Analyst
Analytics Engineer,2025-05-19,Refus,https://jobs.foodles.co/jobs/5531942-analytics-engineer-f-h,,CV1,,Foodles,5.0,Analytics Engineer
Analytics Engineer,2025-05-16,Refus,https://www.welcometothejungle.com/fr/companies/tiime/jobs/analytics-engineer-cdi-f-h_TIIME_yRKMA79,,CV1,,Tiime,5.0,Analytics Engineer
Consultant Data / IA,2025-05-16,Refus,https://www.welcometothejungle.com/fr/companies/mc2i/jobs/consultant-data-ia-h-f_paris?q=2ce225b43dfa22a02ed24230c6ab2060&o=843f7947-e7cd-4d73-9e8e-259acf05171a,,CV1,,MC2I,5.0,Consultant Data
Analytics Engineer/Data Analyst,2025-05-16,Refus,https://www.welcometothejungle.com/fr/companies/emeria/jobs/cdi-analytics-engineer-data-analyst_paris?q=2ce225b43dfa22a02ed24230c6ab2060&o=9599f8c3-58dd-4469-a697-03b9043abfd5,,CV1,,Emeria,5.0,Analytics Engineer
Consultant Data,2025-05-16,Sans réponse,https://www.welcometothejungle.com/fr/companies/oresys/jobs/consultant-data_paris?q=2ce225b43dfa22a02ed24230c6ab2060&o=90b38f1e-0bcb-4967-a56a-ccacf40c97a0,2025-06-15,CV1,,Oresys,5.0,Consultant Data
Data Product Manager,2025-05-16,Refus,https://www.welcometothejungle.com/fr/companies/hubvisory/jobs/data-product-manager-f-h_saint-vincent-de-tyrosse,,CV1,,Hubvisory,5.0,Autre
Data Analyst Environnement,2025-05-16,Sans réponse,https://www.welcometothejungle.com/fr/companies/inex-circular/jobs/data-analyst-environnement-stage-4-mois-minimum_paris?q=f08e2eb578f09a901b0c3dc6644f1536&o=f70224c0-d1e1-4110-bb2a-a18bc98d3d16,2025-06-15,CV1,,Inex Circular,5.0,Data Analyst
Data Scientist CDD,2025-05-16,Sans réponse,https://www.apec.fr/candidat/recherche-emploi.html/emploi/detail-offre/176459333W?xtor=AL-5110-[partenaire]-[regionsjob],2025-06-15,CV1,,Helkinz,5.0,Data Scientist
Data Engineer,2025-05-15,Sans réponse,https://www.linkedin.com/jobs/view/4229810528/?refId=75954a76-069b-4b0e-a2db-18f3d3258c23&trackingId=bYlM%2FAzMRum9dgOQzTET9Q%3D%3D,2025-06-14,CV1,,Groupe Karavel,5.0,Data Engineer
Business Analyst Data,2025-05-14,Sans réponse,https://www.welcometothejungle.com/fr/companies/apside/jobs/business-analyst-data-h-f_boulogne-billancourt?sp_ref=9644741d-e4eb-41db-bcb6-a41502c79da4&sp_src=job_alert_email&utm_campaign=meilisearch&utm_medium=email&utm_source=job_alerts,2025-06-13,CV1,,Apside,5.0,Data Analyst
Data Assistant,2025-05-14,Sans réponse,https://jobs.makesense.org/fr/jobs/hulo-data-assistante-hf-france-montreuil-LX4169Z7KspsHmW8SSVe?source=search,2025-06-13,CV1,,Hulo,5.0,Autre
Stagiaire Data,2025-05-14,Sans réponse,https://jobs.makesense.org/fr/jobs/simplonco-stagiaire-data-pfe-ZOLO4P0JOttSBQS3SwKg?source=search,2025-06-13,CV1,,Simplon,5.0,Autre
Data Analyst / Scientist,2025-05-14,Refus,https://jobs.makesense.org/fr/jobs/holis-data-analyst-scientist-startup-a-impact-sE1y6LvP3PUIzW237u6H,,CV1,,Holis,5.0,Data Analyst
Ingénieur.e Machine Learning & Data Platform,2025-05-14,Refus,https://jobs.makesense.org/fr/jobs/article-1-ingenieure-machine-learning-et-data-platform-cdi-paris-hf-WpYpy4G1OutLAzS6vdCo?source=search,,CV1,,Article 1,5.0,Data Scientist
Data analyst,2025-05-14,Sans réponse,https://jobs.makesense.org/fr/jobs/amnesty-international-france-data-analyst-wjRtxvGPdEit3yg52pPN?source=search,2025-06-13,CV1,,Amnesty International,5.0,Data Analyst
Product Owner / Product Manager Junior,2025-05-14,Sans réponse,https://jobs.makesense.org/fr/jobs/crushon-product-owner-product-manager-junior-rejoins-nous-pour-batir-les-outils-tech-de-la-mode-circulaire-europeenne-EDnBdQbp7U9srmpXOZIp?source=search,2025-06-13,CV1,maxime@crushonapp.com,CrushON,5.0,Autre
DATA SCIENTIST/PROJECT MANAGER H/F - CDD DE 8 MOIS,2025-05-13,Refus,https://bwelcome.hr.bnpparibas/fr_FR/externalcareers/JobDetails?jobId=47612&source=BNP+Paribas+website&src=source%3DHellowork&source=Hellowork,,CV1,,BNP Paribas,5.0,Data Scientist
Data Analyst,2025-05-13,Sans réponse,https://www.linkedin.com/jobs/view/4225878615/?trackingId=huxaaDp%2BSSKAR66NjyqHQg%3D%3D&refId=R7Fc9j6UR%2BOAwl6bLcALJQ%3D%3D&midToken=AQF6cDKQRpkL-Q&midSig=1Rgz2dHQl1krM1&trk=eml-email_application_confirmation_with_nba_01-jymbii-0-jobcard_body&trkEmail=eml-email_application_confirmation_with_nba_01-jymbii-0-jobcard_body-null-5mjdi4~mamadj3l~rm-null-null&eid=5mjdi4-mamadj3l-rm&otpToken=MTEwMTFlZTExYTI4Y2FjZGIyMjQwNGVkNDIxOWU2YjY4OGNmZDE0NzkwYTk4ZTYxNzhjZTA4Njg0ZjU5NWFmNmY0ZGZiYzhiNzhlZmRkZGY2MTg1ZDU4MTk4NzUyYWVjMzk2OWU3OGEwZGE5YzAwNmI4MmUsMSwx,2025-06-12,CV1,,Audiens,5.0,Data Analyst
Analytics Engineer,2025-05-09,Sans réponse,https://www.linkedin.com/jobs/view/4209899524/?trackingId=%2FhEo%2BFZZ2hT%2B%2BM733qqhVw%3D%3D&refId=ByteString(length%3D16%2Cbytes%3D7f6d90de...aeb7f56c)&midToken=AQF6cDKQRpkL-Q&midSig=2vxGWezHswdHM1&trk=eml-email_job_alert_digest_01-job_card-0-jobcard_body&trkEmail=eml-email_job_alert_digest_01-job_card-0-jobcard_body-null-5mjdi4~mafe8qg4~1j-null-null&eid=5mjdi4-mafe8qg4-1j&otpToken=MTEwMTFlZTExYTI4Y2FjZGIyMjQwNGVkNDIxOGUwYjU4ZmNhZDM0MzlmYWM4YTYxNzhjZTA4Njg0ZjU5NWFmNmY0ZGZiZjg0NTVkMmZkZjQ0MDhiOGYwYTZkZDc4YzQ4OGY0NWRkNmQyMzE1NTFlNjY2NDcsMSwx,2025-06-08,CV1,,Keyrus,5.0,Analytics Engineer
Data Engineer Junior,2025-05-09,Sans réponse,https://www.linkedin.com/jobs/view/4222069304/?trackingId=RMu3sO16RR2hYwY8YJ3KCg%3D%3D&refId=WkwDJ%2BH%2BQ8u8uvFrqW%2FimA%3D%3D&midToken=AQF6cDKQRpkL-Q&midSig=1JIYHwXKkHcrM1&trk=eml-email_application_confirmation_with_nba_01-jymbii-0-jobcard_body&trkEmail=eml-email_application_confirmation_with_nba_01-jymbii-0-jobcard_body-null-5mjdi4~mae4y5fr~et-null-null&eid=5mjdi4-mae4y5fr-et&otpToken=MTEwMTFlZTExYTI4Y2FjZGIyMjQwNGVkNDIxOGUxYjc4YmNjZDc0Mzk5YTg4ZDYxNzhjZTA4Njg0ZjU5NWFmNmY0ZGY4OWUwMWJmM2ZjYzk2MmFmODE1YjYyYzY1M2Q4YTI3ODlkY2I4ZjM0ZjAyMjdiYjYsMSwx,2025-06-08,CV1,,Sevetys,5.0,Data Engineer
Product Owner,2025-05-07,Sans réponse,https://www.linkedin.com/jobs/view/4209811971/?trackingId=pbyy09%2FZSrurW1Y1Kx1G8Q%3D%3D&refId=dO0TzjpESPOnNIq%2BwekdZQ%3D%3D&midToken=AQF6cDKQRpkL-Q&midSig=2fbPhMJdvfaXM1&trk=eml-email_next_best_action_digest_01-2Q3SbIBXTQiMPArDmB9Izg%3D%3D-0-L0QlwOo59OMlV3X5Tdi4fw%3D%3D&trkEmail=eml-email_next_best_action_digest_01-2Q3SbIBXTQiMPArDmB9Izg%3D%3D-0-L0QlwOo59OMlV3X5Tdi4fw%3D%3D-null-5mjdi4~macrxo9z~fd-null-null&eid=5mjdi4-macrxo9z-fd&otpToken=MTEwMTFlZTExYTI4Y2FjZGIyMjQwNGVkNDIxOGUyYjE4ZWM3ZDk0MTk4YTY4ODYxNzhjZTA4Njg0ZjU5NWFmNmY0ZGZiZGJjNjdlMmVlZGE1NzlkODQ5Y2ZkNzc5YWQyNDRmYjc3MzY5YTE0NTk5YjExYzUsMSwx,2025-06-06,CV1,,Teolia,5.0,Autre
Data Product Owner,2025-05-07,Sans réponse,https://www.linkedin.com/jobs/view/4202853213/?refId=x6EuNJUmSQiFjc0Gb31gYw%3D%3D&trackingId=h4ej%2F8VFRnGMRYTM2Vmi2g%3D%3D,2025-06-06,CV1,,Eulidia,5.0,Autre
Chef de projet Data,2025-05-07,Sans réponse,https://www.hellowork.com/fr-fr/emplois/63617542.html,2025-06-06,CV1,,Sept Lieues,5.0,Autre
Product Owner Data & IA,2025-05-07,Sans réponse,https://www.hellowork.com/fr-fr/emplois/63788555.html,2025-06-06,CV1,,Breople,5.0,Autre
Product Owner Data & ai,2025-05-07,Sans réponse,https://www.hellowork.com/fr-fr/emplois/65207727.html,2025-06-06,CV1,,CGI,5.0,Autre
Product Owner Data,2025-05-07,Refus,https://www.hellowork.com/fr-fr/emplois/64735602.html,,CV1,,Aubay,5.0,Autre
Product Owner Data,2025-05-07,Sans réponse,https://www.hellowork.com/fr-fr/emplois/64135127.html,2025-06-06,CV1,,Michael Page,5.0,Autre
Junior Business Data Analyst,2025-05-06,Sans réponse,https://www.welcometothejungle.com/fr/companies/dailymotion/jobs/junior-business-data-analyst-all-genders_issy-les-moulineaux?q=fdbb168193c0fd80447baf55a5fbf0fb&o=b33ef001-0cdb-4553-a2a9-d2ef4c2a4862,2025-06-05,CV1,,Dailymotion,5.0,Data Analyst
Consultant BI Junior/Confirmé,2025-05-06,Refus,https://www.welcometothejungle.com/fr/companies/octo-technology/jobs/consultant-bi-confirme-f-h-n_paris_OT_1z7r2Od?q=b1b5ade7d0323d5a8fc958185b14a342&o=3e67b062-f84c-4959-8f8d-7b43d61a8355,,CV1,,Octo Technology,5.0,Consultant Data
Consultant Junior Data secteur public,2025-05-06,Sans réponse,https://www.welcometothejungle.com/fr/companies/kpmg-france/jobs/consultant-junior-data-secteur-public-f-h_courbevoie?q=b1b5ade7d0323d5a8fc958185b14a342&o=954e15e9-6a48-4054-b43e-b935dcc8c53d,2025-06-05,CV1,,KPMG France,5.0,Autre
Data Product Owner,2025-05-06,Sans réponse,https://www.welcometothejungle.com/fr/companies/littlebigcode/jobs/data-product-owner-h-f_paris?q=5eb4df83217076e6e870cde8e2b1adef&o=42315d8e-6a9f-4f0d-a5fe-7260845422b0,2025-06-05,CV1,,Little Big Code,5.0,Autre
Data Product Owner / Data Intelligence - Junior,2025-05-06,Sans réponse,https://www.welcometothejungle.com/fr/companies/jakala/jobs/data-product-owner-data-intelligence-junior_paris?q=5eb4df83217076e6e870cde8e2b1adef&o=84f6931c-9a30-46a9-8868-439b20247d50,2025-06-05,CV1,,Jakala,5.0,Autre
Consultant - Data Owner & Data Scientist,2025-05-06,Refus,https://www.welcometothejungle.com/fr/companies/wigroup/jobs/consultant-e-product-data-scientist_paris?q=5eb4df83217076e6e870cde8e2b1adef&o=78280335-af03-4cdf-93ca-1aa7b2221b9e,,CV1,,Wivoo,5.0,Data Scientist
Data Analyst,2025-05-06,Sans réponse,https://www.linkedin.com/jobs/view/4219604465/?trackingId=jSfwdly0TZqSfVG7zFZzHw%3D%3D&refId=uK1XitBMQqWsnasuXmnd4g%3D%3D&midToken=AQF6cDKQRpkL-Q&midSig=2fksBNW9129HM1&trk=eml-email_application_confirmation_with_nba_01-jymbii-0-jobcard_body&trkEmail=eml-email_application_confirmation_with_nba_01-jymbii-0-jobcard_body-null-5mjdi4~mabd6ehj~aq-null-null&eid=5mjdi4-mabd6ehj-aq&otpToken=MTEwMTFlZTExYTI4Y2FjZGIyMjQwNGVkNDIxOGUzYjI4OWM4ZDk0NDliYWE4OTYxNzhjZTA4Njg0ZjU5NWFmNmY0ZGZhNzg2NTRlN2Q5ZDM3Zjg5NDBjMWM1ZTk4MGU4Mjg0M2ZkMjEyNWZmNGNmMzhiNDEsMSwx,2025-06-05,CV1,,Bien’ici,5.0,Data Analyst
Product Owner - Data,2025-05-05,Sans réponse,https://www.linkedin.com/jobs/view/4096867787/?eBP=CwEAAAGWoNVcKxBeySKPmUeJ6-nh8_2S_IdabbHclImZhs5F53NpJ--G15WdaQ7SOUo-g7srpGbXJL60gJPqh220_SNJSS8kVFwM8yzOmPoGQsmGC5Q9hsPeKarg0EzLt59QzF9xGbmsNa-W3WL6yjd8Hqv1hSg8j9-go9jhBkUPA8Z-TtY7CnnyDC1vFXAUlXZw-ONBEEVNF1_y_hixBqAMEb3c__qhb3VZj-QV4SJRp9jBbqbA-mpbDdJ6mz8PE82MWTDZi1gfdpmPxREmku9mNCiSPMwoYCwJNhWg1qhT4wMhwVA3qQgcojruFG-0_BpHdy2HpaS2efvsgMM3SCqGTAz62q1rIdlflGun8ZRHdnVKXpezpRV9Ng32nCZslXCzygN8xhTj7zaHux-C4WgASENAYfZ0Qz3UU3cAp_CBfld8AQjcCz3t8SY6R6_SSw54twizwzD2zSvh0ErvsOgkLgaKdPfv2HVQSNehQZihnZsUbJUBA1PLUhas4VLmcnwjnowi&refId=Pu6RJp3RZ9PEjbYYfVrbfg%3D%3D&trackingId=VQd1uNOcDRPREIzbrewj8w%3D%3D&trk=flagship3_search_srp_jobs,2025-06-04,CV1,,POD,5.0,Autre
Product Owner Data,2025-05-05,Refus,https://www.welcometothejungle.com/fr/companies/exalt/jobs/product-owner-data_paris_EXALT_R6ym5re?o=af8512cc-b1a4-4ff9-9951-decaee49d268,,CV1,,Exalt,5.0,Autre
Gestionnaire de données,2025-05-05,Sans réponse,https://www.linkedin.com/jobs/view/4204688963/?eBP=CwEAAAGWoMjyvs8iPtFR5mIOv8yB_ZBP5KJN3fatEyo077oqVeb6cZMsTvPZAEE23656nABjnV7Ks2MEKxduJzRKdjjtObG-cKpej-_LbV0U7hZD8018y9C0NYibgL9TiwA1lboUG_cwRF7gKlKYxDQPqiTEUURaHYfnftpOjhDFST4xFnI9uQpEuWHMAee8xdPPaOEhq-cNF9SllXVz9Ygt8jPmdYRopKzy-3e-2ROnPa9fNrdEwBzruy2ogzUmaJmn4W4hTFYTa86-NxQDNM_SnzwCOWVQSSpm6wlcL4f6QMucgK4Fi1ipJjB2Yd8-VxtzQJTMZQkW3EZwXEUsXja3eL_ZHgwbMoWmEq6zvWla4WlVEgkggvtQWiv1z3cC-B4Z2XBPqlh5m4SWNtyyPhWISYfKGR1vO4GwDIXbwh41h9ofq_5qJnCpkCTfJbKI5j-eb2U2PVh6nqr221yyvF2tiK_dYOpCWT8FDOtODLGtVoY3XiLMg8KSS6FecG-HwBDDsF9T4R30icuAgwc&refId=j2%2FyZieE%2BdWN0BTcei%2BGhw%3D%3D&trackingId=JDYws%2FZaFcNO2kdTNdbh3A%3D%3D,2025-06-04,CV1,,Groupe Actual,5.0,Autre
Consultant Digital & Data (junior),2025-05-05,Refus,https://hub.cartelis.com/recrutement/consultant-digital-and-data-(junior),,CV1,,Cartelis,5.0,Consultant Data
Consultant Data,2025-05-05,Sans réponse,https://www.linkedin.com/jobs/view/4211323163/?eBP=CwEAAAGWoMjuNGXjplJpXi6FsDsaCnTklc26K_8HGTy17OmwodsqNykflObsW-svMdqj7uW2LTHaefq8Q_1ghx0VNiDLNp7oCOhglvx3bgE-VvxKKw21UqsQC_ZoI12BGFN9TnssxM2sY4rpLEhkXfJod7XL7U5VQex9KJvYZrC1XcL-HHHwBZ92A4L5JmyGmoOg8f1N3ffQQhzEtr6EUoUV_VuDf9JxUsbPLJw0Eif3gU8myJ5AssfDEVprSZTiVbU3YvHNPE98l6IOPSuUTSL9SSSd1dGCBy16JIO8bujdbVR9AZTuNTKOHg7fX0yHoM6lSy82WOl9MFTtV7QWE2lKDkECppOok1c1lltSycI34k0hPqv0hAO4N9g_FvuCy506jEkuwdoUivDSHi656lGEzcpRzbTJ9OTT_8R09jn6V6inzrgclyG35Ajc5c7mAm_qUtolXyf4qmtm7o87uAwO-wl44vqGA7haYrjzkJMKBSwKGfLzTwtopDqzi8CUUczciyNP6uU&refId=TJ9kfePfXFLyn6zKaT40XA%3D%3D&trackingId=aqXwUuvHMz4t8StuxeW%2Bqw%3D%3D&trk=flagship3_search_srp_jobs,2025-06-04,CV1,,Fifty-Five,5.0,Consultant Data
Junior Data Consultant - Paris,2025-05-05,Candidature envoyée,https://www.linkedin.com/jobs/view/3715199355/?eBP=CwEAAAGWoMjuNKBNkTrWgqeOuPjTQCeN6OPhGk1mrczvFYO-mZTP-NFEmnUJtE7xZjAEAGFMx7N7GA88IvYDDszaqiXUlngYi6Y2Ih5W0n9IT6WkPB7S-UgPzk8KFO2KkJTfUWnqioH55fttNjS1kNL2_4ztlJVAFBIMHsQb7YkrkVoe5Sfn2p5aHR8tHEbMHDKJ_WVbYidqJuP_3gIZYzgYIMmoAZYkcYovHZFpYrsd7TH4zPM3pqskp2ANNbTKZD6-yeqO68GnR9vVTjskgJqibySnpYC1TDt67c-o8lU2xYsgy7oTaS1uvdxriWVhaoL5HDWO8pkA5S9x412g0uq19s8PqdHvvXF-QwZVkgsQTsvUnWuothtX_23f6rmMidjhYob9gbXgaSqZF8b0GPcFWRemRFYXP2dq0GIGU5z3PF3exPPIA4kC0LC9dlvw1gDOAdf6tnZuO_PP66h2FW4DR6Yhoz3USyc76UlJHjbj05OTIszg5YHHLbqa-4YIsaCj1VOk0wXEsA&refId=TJ9kfePfXFLyn6zKaT40XA%3D%3D&trackingId=Vxg1UXUP3%2BUoG5%2FixjCtWA%3D%3D&trk=flagship3_search_srp_jobs,,CV1,,Artefact,5.0,Autre
Product Owner,2025-04-22,Sans réponse,,2025-05-22,CV1,tkorbon@extia.fr,Extia France,4.0,Autre
Data Engineer Junior / Intermédiaire,2025-05-26,Sans réponse,https://www.welcometothejungle.com/fr/companies/the-bradery/jobs/data-engineer-junior-intermediaire_paris?sp_ref=9644741d-e4eb-41db-bcb6-a41502c79da4&sp_src=job_alert_email&utm_medium=email&utm_source=job_alerts&utm_campaign=meilisearch,2025-06-25,CV1,,The Bradery,5.0,Data Engineer
Data Engineer,2025-03-29,Sans réponse,https://www.welcometothejungle.com/fr/companies/mediaperformances/jobs/stage-data-engineer-bi-h-f_courbevoie?q=55283d9bd489253a5c165128f25aef3c&o=cbf681a3-4c19-41ed-80df-1373943a31b4,2025-04-28,CV1,,Media Performances,3.0,Data Engineer
Data Engineer,2025-03-29,Sans réponse,https://www.welcometothejungle.com/fr/companies/trusk/jobs/stage-data-analyst-h-f_st-ouen_TRUSK_PdlpqVx?q=7b58b2e9d2356c3f2ec17a2607862692&o=3c47eabf-0ebd-440a-83e2-5a7abc334a8b,2025-04-28,CV1,,Trusk,3.0,Data Engineer
Data Scientist,2025-03-29,Sans réponse,https://www.welcometothejungle.com/fr/companies/artefact/jobs/intern-data-scientist_paris?q=f2429388db8aa0280c8b2a34116ff53e&o=30c46004-cc0a-4cdb-aca4-7b3884c21226,2025-04-28,CV1,,Artefact,3.0,Data Scientist
Consultant débutant en data analytics,2025-03-29,Sans réponse,,2025-04-28,CV1,,EY,3.0,Autre
Data Scientist,2025-03-29,Refus,https://www.welcometothejungle.com/fr/companies/margo/jobs/margo-analytics-data-scientist-h-f_paris?q=f2429388db8aa0280c8b2a34116ff53e&o=074f03ed-059a-4121-8977-94ba00d62b51,,CV1,,Margo,3.0,Data Scientist
Data Engineer,2025-03-28,Sans réponse,https://www.welcometothejungle.com/fr/companies/lucky-cart/jobs/data-engineer_paris?q=a25d95beb708f1d0819fe3e68fa78592&o=2868738f-b442-4353-862a-cbedb4d089a0,2025-04-27,CV1,,Lucky Cart,3.0,Data Engineer
Consultant Junior,2025-03-28,Refus,https://www.welcometothejungle.com/fr/companies/kpmg-france/jobs/consultant-junior-data-secteur-public-f-h_courbevoie?q=5fecffef3aea05a3123de5fa67027e06&o=954e15e9-6a48-4054-b43e-b935dcc8c53d,,CV1,,KPMG,3.0,Autre
Stage Data Analyst,2025-03-28,Sans réponse,https://www.welcometothejungle.com/fr/companies/back-market/jobs/business-data-analyst-intern_paris_BM_lGpRJLx,2025-04-27,CV1,,Back Market,3.0,Data Analyst
Stage - Data Scientist,2025-03-28,Refus,https://www.welcometothejungle.com/fr/companies/polynom/jobs/stage-data-scientist_rueil-malmaison?q=b20169a65f3ab776b6d1a7340a4214fc&o=01b1618c-09e9-46ae-a7e9-c00ca6a6b8a7,,CV1,,Polynom,3.0,Data Scientist
nan,,Pas encore candidaté,,,CV3,,Nom de l’entreprise,,Autre
data analytics engineer,2025-03-13,Sans réponse,https://www.laposterecrute.fr/offre/2025-194999,2025-04-12,CV1,,La Poste,3.0,Analytics Engineer
Data Scientist - Ai Engineer,2025-03-13,Sans réponse,https://jeunesdavenirs-recrut.fr/offre/e38671eace98a1bca64379ca881aaa6fb61c0798,2025-04-12,CV1,,Dassault Aviation,3.0,Data Scientist
Data scientist,2025-03-11,Refus,https://pernodricard.wd3.myworkdayjobs.com/fr-FR/pernod-ricard/job/Paris/Data-Science-Intern_JR-047276-1,,CV1,,Pernot Ricard,3.0,Data Scientist
Data scientist,2025-03-11,Refus,https://jobs.foodles.co/jobs/5216157-data-scientist-specialite-recherche-operationnelle-f-h,,CV1,aurore.baudry@foodles.teamtailor-mail.com,Foodles,3.0,Data Scientist
Data Scientist,2025-03-11,Refus,https://philips.wd3.myworkdayjobs.com/fr-FR/jobs-and-careers/job/Paris-FR/Stage-Data-Science_550725,,CV1,,Philips,3.0,Data Scientist
Data Scientist,2025-03-11,Sans réponse,https://wd3.myworkdaysite.com/en-US/recruiting/havas/GroupExternalCareerSite/job/Puteaux/STAGE---DATA-SCIENTIST-IA---Dveloppement--H-F-_JR0081547-1,2025-04-10,CV1,,Havas,3.0,Data Scientist
Data Scientist,2025-03-11,Sans réponse,https://careers.cegedim.com/fr/annonce/3546261-stage-data-scientist-hf-boulogne-billancourt-92100-boulogne-billancourt,2025-04-10,CV1,,Cegedim,3.0,Data Scientist
Data Scientist,2025-03-11,Sans réponse,https://careers.deepki.com/jobs/5272450-data-scientist-6-months-internship,2025-04-10,CV1,aloysia.de.lavergnolle@deepki.teamtailor-mail.com,Deepki,3.0,Data Scientist
Data Integration,2025-03-11,Sans réponse,https://careers.deepki.com/jobs/3511244-stage-data-integration-6-mois,2025-04-10,CV1,aloysia.de.lavergnolle@deepki.teamtailor-mail.com,Deepki,3.0,Autre
Data Scientist,2025-03-11,Sans réponse,https://www.hellowork.com/fr-fr/emplois/60305948.html,2025-04-10,CV1,,Socotec,3.0,Data Scientist
Data Scientist,2025-03-11,Refus,https://www.hellowork.com/fr-fr/emplois/62818356.html?utm_source=jobalert&utm_medium=email&utm_campaign=jobalert&utm_content=offre_title&utm_term=62818356#postuler,,CV1,mailto:talentacquisition@saur.com,Saur Europe,3.0,Data Scientist
Junior Pricing & Revenue Analyst,2025-03-10,Sans réponse,https://www.welcometothejungle.com/fr/companies/oscaro/jobs/junior-pricing-revenue-analyst-f-h_gennevilliers?q=1f4d57ae89aba8abbc4d8246ce7aa04f&o=f62ae0a4-5cdf-4648-8e1b-4eec740af668,2025-04-09,CV1,,Oscaro,3.0,Autre
Junior Data scientist,2025-03-10,Sans réponse,https://www.welcometothejungle.com/fr/companies/skillcorner/jobs/junior-data-scientist_paris?q=1f4d57ae89aba8abbc4d8246ce7aa04f&o=69d2ff0f-ae5e-4585-ae48-a2c5286cba38,2025-04-09,CV1,,Skillcorner,3.0,Data Scientist
Junior Data Scientist,2025-03-02,Refus,https://www.welcometothejungle.com/fr/companies/skillcorner/jobs/junior-data-scientist_paris?q=1f4d57ae89aba8abbc4d8246ce7aa04f&o=69d2ff0f-ae5e-4585-ae48-a2c5286cba38,,CV1,,Skillcorner,3.0,Data Scientist
Consultant Data,2025-03-10,Sans réponse,https://www.welcometothejungle.com/fr/companies/oresys/jobs/consultant-data_paris?q=10c5d78e705b0c8e47de1951233cd8ca&o=90b38f1e-0bcb-4967-a56a-ccacf40c97a0&oauth_origin_reference=signin&oauth_provider=google,2025-04-09,CV1,,Oresys,3.0,Consultant Data
Data Analyst,2025-03-10,Refus après entretien,https://www.welcometothejungle.com/fr/companies/la-fourche/jobs/stage-data-analyst_paris?q=10c5d78e705b0c8e47de1951233cd8ca&o=607a7c76-3bca-4edc-b2cc-58344825468d,,CV1,,La Fourche,3.0,Data Analyst
Consultant Data Analyst,2025-03-10,Refus,https://www.welcometothejungle.com/fr/companies/actinvision/jobs/consultant-data-visualisation-f-h_strasbourg?q=10c5d78e705b0c8e47de1951233cd8ca&o=71eda0a2-c774-4fab-bbb3-ad9372f83570&oauth_origin_reference=signin&oauth_provider=google,,CV1,,Actinvision,3.0,Data Analyst
Data Scientist,2025-03-05,Sans réponse,https://www.hellowork.com/fr-fr/emplois/62565902.html,2025-04-04,CV1,andreas@immonator.fr,Immonator,3.0,Data Scientist
Data Engineer/Science,2025-03-03,Sans réponse,https://www.linkedin.com/jobs/view/4148283764/?trackingId=&refId=&midToken=AQF6cDKQRpkL-Q&midSig=3M3RVEZ56gMHE1&trk=eml-email_jobs_job_application_viewed_01-applied_jobs-0-applied_job&trkEmail=eml-email_jobs_job_application_viewed_01-applied_jobs-0-applied_job-null-5mjdi4~m7t0dag6~g1-null-null&eid=5mjdi4-m7t0dag6-g1&otpToken=MTEwMTFlZTExYTI4Y2FjZGIyMjQwNGVkNDIxZmU3YjQ4Y2NjZDI0NDkwYWM4ZjYxNzhjZTA4Njg0ZjU5NWFmNmY0ZGZhZDgxMTBkMmU1ZmI2NWI5MDkzYjc2NTJkY2Y3OWFjNTY5MGJhZWJjNDM3MzQxZGIsMSwx,2025-04-02,CV1,simier@lemonde.fr,Le Monde,3.0,Data Engineer
ML Engineer,2025-03-02,Refus,https://www.linkedin.com/jobs/view/4170261643/?trackingId=RXlFjVdoSV6FChKbiSq8XQ%3D%3D&refId=lpzYF9PrS1i6D1zh7TyH%2Fw%3D%3D&midToken=AQF6cDKQRpkL-Q&midSig=2XJW_etcJ_KrE1&trk=eml-email_job_alert_digest_01-job_card-0-jobcard_body&trkEmail=eml-email_job_alert_digest_01-job_card-0-jobcard_body-null-5mjdi4~m7qpg33d~zv-null-null&eid=5mjdi4-m7qpg33d-zv&otpToken=MTEwMTFlZTExYTI4Y2FjZGIyMjQwNGVkNDIxZWVmYjI4Y2M3ZDY0MjljYWQ4YjYxNzhjZTA4Njg0ZjU5NWFmNmY0ZGZhM2VhNzRmOWQ4ZGU1YWEzZGJjZjdlNDgzZjlmZDRjMmI2MjAxMGY4OWUxNWVjNTUsMSwx,,CV1,marine@sweep.teamtailor-mail.com,Sweep,3.0,Data Scientist
Analytics Engineer,2025-02-28,Refus,https://www.linkedin.com/jobs/view/4170848326/?trackingId=Ioj4kMyLSDGB3TGYWGjRDg%3D%3D&refId=DSHwR7aGTMe7siicf%2BTCvw%3D%3D&midToken=AQF6cDKQRpkL-Q&midSig=23px18NGvLIHE1&trk=eml-email_job_alert_digest_01-job_card-0-jobcard_body&trkEmail=eml-email_job_alert_digest_01-job_card-0-jobcard_body-null-5mjdi4~m7p1fl5e~b8-null-null&eid=5mjdi4-m7p1fl5e-b8&otpToken=MTEwMTFlZTExYTI4Y2FjZGIyMjQwNGVkNDIxZWUwYjI4Y2NmZDQ0ODlhYWY4NjYxNzhjZTA4Njg0ZjU5NWFmNmY0ZGZkYzhhNjdmMGRmODg3ZjhkYzI4YjEzYjVlYmRmZDE4YTk3YTAxYWMwNzI0ZDIzOTEsMSwx,,CV1,,Ogury Ltd,2.0,Analytics Engineer
Data Scientist Junior,2025-02-28,Refus,https://fr.indeed.com/viewjob?jk=f8c171994da0a579&tk=1il5rei5kkhea801&from=serp&vjs=3,,CV1,,GHU Paris psychiatrie & neurosciences,2.0,Data Scientist
Data Analytics Engineer,2025-02-27,Sans réponse,https://careers.accor.com/fr/fr/job/data-analytics-engineer-h-f-x-in-issy-les-moulineaux-france-jid-24510,2025-03-29,CV1,,Accor,2.0,Analytics Engineer
Data Scientist Junior,2025-02-26,Sans réponse,https://www.linkedin.com/jobs/view/4168331356/?refId=f3138673-b2fb-4a1f-b962-1bc90e601e6d&trackingId=BRSK2OVuS2Sr%2FGTCyZlryw%3D%3D&trk=flagship3_job_home_savedjobs,2025-03-28,CV1,,Quinten Health,2.0,Data Scientist
Data Engineer,2025-02-26,Sans réponse,https://www.linkedin.com/jobs/view/4164189720/?refId=f3138673-b2fb-4a1f-b962-1bc90e601e6d&trackingId=UTO91bMJQlGHzQ6U%2FXr3nA%3D%3D&trk=flagship3_job_home_savedjobs,2025-03-28,CV1,,Sanofi,2.0,Data Engineer
Analyst Score,2025-02-26,Sans réponse,https://www.linkedin.com/jobs/view/4165786783/?refId=f3138673-b2fb-4a1f-b962-1bc90e601e6d&trackingId=YFg9C5fRSfaEsdN9jaOheA%3D%3D&trk=flagship3_job_home_savedjobs,2025-03-28,CV1,,Renault Group,2.0,Autre
Data Engineer,2025-02-25,Refus,https://www.linkedin.com/jobs/view/4167169427/?eBP=CwEAAAGVPNBhQ6B5RdLgflAE1Q6Q-hoeRvvm4Z27ayShxupB4LrIbT7cOzJ1PG65EL71cdNJr0YTH15EfV6x4SeK9Iy_CySSEFu2UbjCg9COE_7fMsgWN48jciSe5uBvKop6HwflhfXVLodx5WuQ4Betn4A-si8fKjWAM2P7973uqsK5tqjnNET-VMnmT83cNz_puzZCxh-afyeq6zC9MagS8iX-I-uLapb5ksfKgSl4m2LlCTJUg7pvD16Orx-GrHewRfgnQklXsTTTqdbrJ6zOXlhpfSmo2-x8p9HwjRq0Y2oVmM-TtA7QQGbj8q57lMIk5FcL0aDnFGqRdOYPl_Q49RULR9sdpIXnIPjbHS1gM7KWr1ijvf7H8X9Egn6j8WBW0Wbfd8OdVchtcqkiXnI8hJgpf91bX201Ej_aHAlhZWgv6GMG-hc5giwFVph6-QpVgcmQhEEYl0MnvZrlNadGoVqiczRsHWxmV7eIQkA&refId=RQggKuwByNbwbWdToBtt5Q%3D%3D&trackingId=EV8xeQSI9tIr60fiz8Ds6A%3D%3D&trk=flagship3_search_srp_jobs,,CV1,,Sia,2.0,Data Engineer
Data Engineer,2025-02-25,Sans réponse,https://airliquidehr.wd3.myworkdayjobs.com/fr-FR/AirLiquideExternalCareer/job/Stage--Data-Engineer-F-H_R10063035,2025-03-27,CV1,,Air Liquide,2.0,Data Engineer
Dat Engineer,2025-02-25,Sans réponse,https://jobs.stationf.co/companies/data-data-1/jobs/python-software-development-intern_paris,2025-03-27,CV1,,Data & Data,2.0,Autre
Data & Software Engineer,2025-02-24,Sans réponse,https://www.linkedin.com/jobs/view/4160776620/?eBP=BUDGET_EXHAUSTED_JOB&refId=R%2Bv5qkcC38SZSpq3OawQIQ%3D%3D&trackingId=JlxPffokO00ziLHeYdMOcQ%3D%3D&trk=flagship3_search_srp_jobs,2025-03-26,CV1,,Artefact - Vivadata,2.0,Autre
Data Engineer,2025-02-23,Refus,,,CV1,,Appollo Plus,2.0,Data Engineer
ML Engineer,2025-02-23,Sans réponse,,2025-03-25,CV1,,Opale,2.0,Data Scientist
Data Engineer,2025-02-23,Sans réponse,,2025-03-25,CV1,,Kraaft,2.0,Data Engineer
Data Scientist,2025-02-23,Refus,,,CV1,guillaume@revolt.eco,Revolt.eco,2.0,Data Scientist
Cloud Database Engineer,2025-02-22,Sans réponse,https://www.welcometothejungle.com/fr/companies/bpi-france-digital/jobs/dba-postgresql-f-h_toute-la-france?q=436039946f5daafb5483d2cceb81309e&o=9197f19f-c50f-446c-9b77-7b8fce22da86,2025-03-24,CV1,,BPI France,2.0,Autre
Data scientist (speech to text),2025-02-22,Refus,https://www.welcometothejungle.com/fr/companies/littlebigcode/jobs/data-scientist-speech-to-text-h-f_paris?q=436039946f5daafb5483d2cceb81309e&o=13da3aa3-90ef-4ead-8ea0-69fd1d3a5bb7,,CV1,,Little Big Code,2.0,Data Scientist
Data Scientist,2025-02-22,Sans réponse,https://www.welcometothejungle.com/fr/companies/52-entertainment/jobs/data-scientist_boulogne-billancourt?q=f67980e41d034b0522781575b6c72659&o=0c1bb36c-d988-44bd-a848-5878860f7b1d&oauth_origin_reference=signin&oauth_provider=google,2025-03-24,CV1,,52 Entertainment,2.0,Data Scientist
Data Engineer,2025-06-17,Refus,https://www.welcometothejungle.com/fr/companies/sicara/jobs/data-engineer-cdi-paris_paris?q=f67980e41d034b0522781575b6c72659&o=2c469b17-f6f2-4816-9acc-205a2c8c159b,,CV1,thomas.roulleauxdugage@theodo.com,Sicara - Theodo Data & IA,6.0,Data Engineer
Data Engineer LLM - ETL,2025-02-22,Refus,https://www.welcometothejungle.com/fr/companies/gymglish/jobs/data-engineer-llm-etl_paris,,CV1,,Aimigo,2.0,Data Engineer
Data Engineer-Scientist,2025-02-21,Refus,https://www.linkedin.com/jobs/view/4158275337/?eBP=CwEAAAGVJ8ACKAsYrYgC7JfLaVqrZt6yGzmIsJEHJRl1OKbRFd5m8jI7C_iLuPDsLgXO1zxwFASg_OFr6017VxZJgiE87CKl_XSYo44mOhTtqIhL6apWEYxg_IT2iw1TH-Ekjp7ssTtJ3s_8HiDshY-p1MOpfNxs1lCFlrTV5VMSMl3Gdrnq2s9H33xeiwzGhS2lzoRbthQ8resf-TKFqHuKJc7vV3J0oCGmURccFszIjUmHiywOwInEg0ek6V4PznphwvdooqzWD3ntY05VfbmLnxzYJ6TPHf7WwXmD4Tut7pD0ANn3ZNXnjSt2Dc5qruQHQEOKvLUlKDZ71jhR6fefDlzCeyDPVFDRR51SNG9IekVJDqMqXOo2xS1dQrDhmSOg59hGpiTAxDV4kEN3DcYRTFrVVj0sRyVqf38GMgW3tRs8Jh2Zck_3r_-vVE1VWev-jlOlcxCD4pnlFL_E&refId=kTZQOwis2N%2FWy5kz7kC4UQ%3D%3D&trackingId=deVX5SNvUzQTmZR%2FbRyK0g%3D%3D&trk=flagship3_search_srp_jobs,,CV1,,Accenture France,2.0,Data Engineer
Data Engineer,2025-02-21,Sans réponse,https://www.linkedin.com/jobs/view/4161400674/?eBP=CwEAAAGVJ8ACJ1JYMSjpzxEY7mftyk0EDFm04zuNtf2ZH30_bMbz9IET7fmwHbhEaFLg4q5iYRA35MUzUBK_4-yohPIIyoY8srByLkmeFmojWKS-dRwsIKBTbH4iZqtwqrj32Vrzv0koUSoZ3HtRjuSQqwfN0D6PUCwu3zgmlM8WaT_yvY4Ds6NuMBgNv0fT1kYtmOx16iEWQSSKqBo6ueA_8eeWZbsC6HumyDKUts_CKs7-qkd-KMqoVDmYWQwnuy3j_WxI1T_ObZl-JMnpvS4A-Pi7z3xK9QY37tPQW2yDjbc7Z-J3uC83K_-FK9uGDeJLHXTPWaCEcqkywKYzB7y-qtwn-_Vi6Bz2XO96PGoL4W3HnE5GYi9Nh3CHyO4rbhVKGXWzjK7CJ7GD8p6ocQ6KkXMZQ2hBWX5QgPNBZCs4jjR6hQtHLzpj6mH22WajlqHhkcLL9NuTVFt-C9kSr3KS2815Mn3qI-sHLKqHpK6lM-9wCCFhswje9mGRlNQKUf0q4sotI7rlmBjcVtofOLR6NKQhMsxY6Q&refId=kTZQOwis2N%2FWy5kz7kC4UQ%3D%3D&trackingId=8oZ2TrUQj%2BYRbV%2FPWHn5Bw%3D%3D&trk=flagship3_search_srp_jobs,2025-03-23,CV1,,Red River West,2.0,Data Engineer
Data Engineer,2025-02-21,Sans réponse,https://recrutement.iliad-free.fr/offre/141698?idt=13&src=LinkedIn,2025-03-23,CV1,,Free,2.0,Data Engineer
Data Engineer DataIku,2025-02-20,Refus,https://www.linkedin.com/jobs/search/?currentJobId=4160396759&keywords=sopra%20steria&origin=BLENDED_SEARCH_RESULT_NAVIGATION_JOB_CARD&originToLandingJobPostings=4160500040%2C4160396759%2C4160396762,,CV1,,Sopra Steria,2.0,Data Engineer
Ingénieur DATA,2025-02-20,Refus,https://www.linkedin.com/jobs/view/4160154971/?refId=f6a4ae6e-23a9-426d-893b-a3bfdedae708&trackingId=Bn6JOvioQ1qX%2Ft0f1bjd2Q%3D%3D,,CV1,,Bouygue Télécom,2.0,Data Engineer
DATA SCIENTIST,2025-02-20,Sans réponse,https://jobs.stationf.co/companies/istya/jobs/charge-de-projet-ia_paris,2025-03-22,CV1,,Istya,2.0,Data Scientist
STAGE - DATA SCIENTIST / DATA ENGINEER,2025-02-20,Refus,https://carrieres.generali.fr/search//job/ST-DENIS-STAGE-DATA-SCIENTIST-DATA-ENGINEER-93210/809440002/,,CV1,,Generali,2.0,Data Engineer
Climate Data and Strategy Intern,2025-02-20,Sans réponse,https://www.welcometothejungle.com/fr/companies/greenly/jobs/climate-data-and-strategy-intern_paris_GREEN_4xy5yJ?q=9c4465bfa478b7e760e8c557ea05d56a&o=9334ed5c-0575-4a63-b1b3-2715d9a80417,2025-03-22,CV1,,Greenly,2.0,Autre
Junior Data Scientist,2025-02-20,Sans réponse,https://www.jobleads.com/register/fr/81/e6abc86c6d12133519ca1cf00bf9b06eb?jmId=2322&jobLocation=1003561939&utm_source=talent|r-jb|c-fr&utm_medium=job-external&utm_campaign=jobs&utm_content=jobmarket-id=2322|landingpage-id=n/a|job-id=6abc86c6d12133519ca1cf00bf9b06eb|job-workarea=08-01|job-hierarchy=4|job-salary-benchmark=3|job-industry=|job-location=paris|jobtitle=data-scientist-junior&ccuid=59981877077,2025-03-22,CV1,,Station F - SnapCall,2.0,Data Scientist
Data Engineer,2025-02-20,Sans réponse,https://www.linkedin.com/jobs/view/4150356928/?refId=5465a4f0-6564-4c83-a939-bb269c5feb3c&trackingId=zeDazR9bTp6TOinurnxXNA%3D%3D,2025-03-22,CV1,,Atout France,2.0,Data Engineer
Stage Data Engineer,2025-02-20,Sans réponse,https://www.linkedin.com/jobs/view/4153216376/?refId=19d7bff1-1090-4c93-946e-fb5008ab1942&trackingId=CiLtwpl3TZmQrpRbBMsx8Q%3D%3D&trk=flagship3_job_home_savedjobs,2025-03-22,CV1,,RATP,2.0,Data Engineer
Data engineer & IA flux SmartCity,2025-02-20,Refus,https://www.linkedin.com/jobs/view/3972583364/?refId=19d7bff1-1090-4c93-946e-fb5008ab1942&trackingId=V98t%2B5KeSJyJDmfCRaDXzQ%3D%3D&trk=flagship3_job_home_savedjobs,,CV1,,Suez,2.0,Data Engineer
Operations Data Analytics & Performance,2025-02-20,Sans réponse,https://www.linkedin.com/jobs/view/4059503030/?refId=19d7bff1-1090-4c93-946e-fb5008ab1942&trackingId=4LF1WfVoSHG2MN1%2BB3YTzw%3D%3D&trk=flagship3_job_home_savedjobs,2025-03-22,CV1,,Hello Fresh,2.0,Autre
Data Scientist - Prévision du chiffre d'affaires,2025-02-20,Refus,https://www.linkedin.com/jobs/view/4070103764/?refId=19d7bff1-1090-4c93-946e-fb5008ab1942&trackingId=eS43dhaqSkSG6%2BMcJ80WyQ%3D%3D&trk=flagship3_job_home_savedjobs,,CV1,,Carrefour,2.0,Data Scientist
Chargé de projets data / Data Engineer,2025-02-20,Sans réponse,https://www.linkedin.com/jobs/view/4146747490/?refId=19d7bff1-1090-4c93-946e-fb5008ab1942&trackingId=PNzWfM%2F3RPujj89nHgnYSw%3D%3D&trk=flagship3_job_home_savedjobs,2025-03-22,CV1,,Ile de France Mobilité,2.0,Data Engineer
Data Scientist,2025-02-18,Sans réponse,https://www.hellowork.com/fr-fr/emplois/60142711.html,2025-03-20,CV1,,Galeries Lafayette,2.0,Data Scientist
Data Scientist IA Générative,2025-02-18,Sans réponse,https://ratp.wd3.myworkdayjobs.com/fr-FR/RATP_Externe/details/Stage-Data-Scientist-IA-Gnrative--H-F-_R0014228?q=R0014228&source=HELLOWORK%20-%20Stages,2025-03-20,CV1,,RATP,2.0,Data Scientist
Junior Data Engineer,2025-02-18,Sans réponse,https://recrutement.april.com/fr/annonce/3458277-stagiaire-junior-data-engineer-fh-75012-paris,2025-03-20,CV1,,April,2.0,Data Engineer
DATA SCIENTIST F/H - Lutte contre la Fraude Machine Learning & Data Science,2025-02-18,Sans réponse,https://carrieres.malakoffhumanis.com/offre-de-emploi/emploi-stagiaire-data-scientist-f-h-lutte-contre-la-fraude-machine-learning-data-science_22436.aspx?LCID=1036#ancrecontenu,2025-03-20,CV1,,Malakoff Humanis,2.0,Data Scientist
Développeur / Applications Data et IA,2025-02-18,Sans réponse,https://carrieres.malakoffhumanis.com/offre-de-emploi/emploi-developpeur-applications-data-et-ia-_22749.aspx?LCID=1036#ancrecontenu,2025-03-20,CV1,,Malakoff Humanis,2.0,Autre
Junior Data Scientist,2025-02-17,Sans réponse,https://www.welcometothejungle.com/fr/companies/decathlon-digital/jobs/stage-junior-data-scientist-f-m-d-modeles-additifs-generalises-et-regression-censuree_paris?q=f63975451e1eda42fced186a0a2b4c33&o=8e6d2b1c-0cde-49b8-9af6-e46cfed55268,2025-03-19,CV1,,Decathlon Digital,2.0,Data Scientist
Data Analytics Engineer,2025-02-13,Sans réponse,https://www.linkedin.com/jobs/view/4150370211/?trackingId=T6pMrXYhRPq%2Fz%2Fu2TL%2BwrA%3D%3D&refId=uMLd3zVGSbG3rlrRvB%2BuLA%3D%3D&midToken=AQF6cDKQRpkL-Q&midSig=2u8BJx24_imbE1&trk=eml-email_application_confirmation_with_nba_01-jymbii-0-jobcard_body&trkEmail=eml-email_application_confirmation_with_nba_01-jymbii-0-jobcard_body-null-5mjdi4~m725bcr9~qs-null-null&eid=5mjdi4-m725bcr9-qs&otpToken=MTEwMTFlZTExYTI4Y2FjZGIyMjQwNGVkNDUxN2U0YjM4NmNlZDE0NzkwYWE4ZjYxNzhjZTA4Njg0ZjU5NWFmNmY0ZGY4OTgyNjBjMmMwZjU3NTllN2JhNmRhMzg0MWNlZDQ4MTUwZGY0MDcxODE0MzkxZDUsMSwx,2025-03-15,CV1,,Accor,2.0,Analytics Engineer
Data Scientist / ML Engineer,2025-02-12,Refus,https://www.linkedin.com/jobs/view/4150189872/?refId=95775d8c-e806-4c1f-bc2b-2a5746207792&trackingId=zvfV7BUWRLCcNp4K9yVGEw%3D%3D,,CV1,,Coface,2.0,Data Scientist
Data Scientist,2025-02-12,Refus,https://www.linkedin.com/jobs/view/4148735203/?refId=95775d8c-e806-4c1f-bc2b-2a5746207792&trackingId=Vj8%2FlsAJTfC4XFiIsceDgQ%3D%3D&trk=flagship3_job_home_savedjobs,,CV1,,Canal+,2.0,Data Scientist
Data Engineer,2025-02-12,Sans réponse,https://www.linkedin.com/jobs/collections/recommended/?currentJobId=4132064424&discover=recommended&discoveryOrigin=JOBS_HOME_JYMBII,2025-03-14,CV1,pierre.caramaro@treezor.teamtailor-mail.com,Treezor,2.0,Data Engineer
Data Scientist,,Sans réponse,"
https://jobs.vinci.com/fr/job/-/-/1440/21345871232
",,CV1,,Vinci Energies,,Data Scientist
Data Engineer,,Refus,"
https://www.linkedin.com/jobs/view/4146931858/?refId=2da1feee-c8fc-4a94-a2ac-e62e5f3fa8d6&trackingId=yfWNJmbOTS2imaARjhAhJA==&trk=flagship3_job_home_savedjobs
",,CV1,asabatier@mytraffic.fr,My Traffic,,Data Engineer
Data Engineer,,Sans réponse,"
https://www.hellowork.com/fr-fr/emplois/61191802.html
",,CV1,,Fed It,,Data Engineer
Data Scientist,,Refus,"
https://www.linkedin.com/jobs/view/4135643121/?refId=2da1feee-c8fc-4a94-a2ac-e62e5f3fa8d6&trackingId=5i/sClS3RLmcFHB/rvxfiQ==&trk=flagship3_job_home_savedjobs
",,CV1,,Suez,,Data Scientist
Ingenieur Data,,Refus,"
https://www.linkedin.com/jobs/view/4128254485/?refId=fb118496-ca96-4632-b991-547cd60c8ee7&trackingId=lpJlXTQJQCCg5KhVFWGsCw==
",,CV1,,Cojean,,Data Engineer
Analytics Engineer,,Refus,"
https://www.hellowork.com/fr-fr/emplois/61277951.html
",,CV1,,Soma,,Analytics Engineer
Data Analyst,,Sans réponse,"
https://www.hellowork.com/fr-fr/emplois/60076652.html
",,CV1,,Easy Partner,,Data Analyst
Data Engineer DBT,,Refus,"
https://www.hellowork.com/fr-fr/emplois/61573861.html
",,CV1,,CGI,,Data Engineer
Data Analyst,,Sans réponse,"
https://www.linkedin.com/jobs/view/data-engineer-data-analyst-f-h-at-moongy-digital-lab-4138624030/?originalSubdomain=fr
",,CV1,,moOngy Digital Lab,,Data Analyst
Data Scientist Full Stack,2025-02-13,Refus,"
https://www.linkedin.com/jobs/search/?currentJobId=4083549530&f_C=10484306&geoId=92000000&origin=COMPANY_PAGE_JOBS_CLUSTER_EXPANSION&originToLandingJobPostings=4083549530,4131592140,4069177526,4069177527,4131586805&trk=d_flagship3_company_posts
",,CV1,myriam@zeffy.com,Zeffy,2.0,Data Scientist
Aanalytics Engineer,,Refus,"
https://www.linkedin.com/jobs/view/4120585624/?refId=1c4ee2fb-9a80-4301-8f30-014f146a9cb7&trackingId=EjK7doYkRiSs/shlU1CxBA==&trk=flagship3_job_home_savedjobs
",,CV1,aurelien.pinget@younited-credit.fr,Younited,,Analytics Engineer
Data Engineer,,Sans réponse,"
https://www.linkedin.com/jobs/view/4090967019/?refId=1c4ee2fb-9a80-4301-8f30-014f146a9cb7&trackingId=ngPl0PSHQbOs2xGkvwO9TA==&trk=flagship3_job_home_savedjobs
",,CV1,,Walt Disney Company,,Data Engineer
Product Data Analyst - LaunchOps,,Sans réponse,"
https://www.linkedin.com/jobs/view/4085010273/?eBP=CwEAAAGU3ESnGrvhe69o9AGvEkH2pj_-gC5u_57vMNu9lBQyhtiyGT4m9X0LpQgxFDAXtXrIoIsnHBWxggAYsZVGh_IPDvJpNojwgjwVx1OMc0IOLjv0OUNACm08RUAnjIy1jWjNZ88MmetdEEe57qscsTb3Qw_5p22Wld7HqeMWnFevaVFWCvFYhf2Fp0UOAVxSKnHcPJgVT84NwADjsWhdoAmsbcpylrxU-pf83EOaZ3uaXICNtGDDAJszcWV3p51qquCEF4zfSmh-x1HFZc9c4fC6p_Wjuw6A1tQwk001YO9uxKZfHEPMI6SZs_lvH6lGrD6GSQLkEYXNHwBHvunQ4O30JXcnwGtA5SubJFYOITcm2IXjmhm1UxzkeC5P1NRUw3TDOHjb15YKzkgmICOUdZl-dsXU6RXO0-VAhwmUnRImOpdo9yNTzTT2whzw6RV7UBVzshm_nsZwJki71UjYVB3ywcdDnzSXtpRlzFoa0TiP45ujk-iXwt_QslANewn40HYTuprC6w&refId=04um5gJ/FvxJGBIWeDWkXg==&trackingId=7xA7bMnoeCKk91VBiYIx2A==
",,CV1,,Voodoo,,Data Analyst
Aanalytics Engineer,,Sans réponse,"
https://www.linkedin.com/jobs/view/4119583683/?refId=1c4ee2fb-9a80-4301-8f30-014f146a9cb7&trackingId=UwITwCXWRGKAT1Y+zlPpbA==&trk=flagship3_job_home_savedjobs
",,CV1,,Vestiaire Collective,,Analytics Engineer
Analytics Engineer,,Refus,"
https://www.linkedin.com/jobs/view/4129670170/?refId=1c4ee2fb-9a80-4301-8f30-014f146a9cb7&trackingId=wKZyy9/dTpiIP3i8Xg1nBA==&trk=flagship3_job_home_savedjobs
",,CV1,tcelice@toogoodtogo.com,Too Good to Go,,Analytics Engineer
Data Scientist,,Sans réponse,"
https://ratp.wd3.myworkdayjobs.com/fr-FR/RATP_Externe/job/Data-Scientist-F-H--D-I-CE-DATA-_R0013420
",,CV1,,RATP,,Data Scientist
Junior Data Scientist,,Refus,"
https://www.linkedin.com/jobs/view/4144917837/?eBP=BUDGET_EXHAUSTED_JOB&refId=L0g9BgwQ2MLa+KxmoGMcKw==&trackingId=1Ied1N1uDS1C14MmPv9B5w==&trk=flagship3_search_srp_jobs
",,CV1,,Mirakl,,Data Scientist
Data Scientist,,Sans réponse,"
https://www.welcometothejungle.com/fr/companies/meritis/jobs/paris-data-scientist-h-f_paris_MERIT_WM3Jwyr?q=57b9b4e2e09fdb16bff2f6f0dbf3fb82&o=0837ac64-8228-41b5-96c9-c407f5e9d4e3
",,CV1,,Meritis,,Data Scientist
Data Engineer,,Refus,"
https://www.linkedin.com/jobs/view/4080031437/?eBP=NON_CHARGEABLE_CHANNEL&refId=8WcIqO13JfwFnYi7UfNFBg==&trackingId=jVfbWtcBLsNTNSml6IaDWw==&trk=flagship3_search_srp_jobs
",,CV1,,🤖Lacoste,,Data Engineer
Data analyst/Data scientist,,Sans réponse,"
https://www.welcometothejungle.com/fr/companies/la-banque-postale/jobs/data-analyst-data-scientist-h-f_paris-6e-arrondissement_LBP_Oope0jP?q=c34b0974abdf87547b57be1ff9cdae15&o=d9e670c7-21e3-4318-b9f2-1744c03c8566
",,CV1,,La Banque Postale,,Data Scientist
Data Engineer,2025-02-06,Sans réponse,"
https://www.linkedin.com/jobs/view/4121407831/?refId=1c4ee2fb-9a80-4301-8f30-014f146a9cb7&trackingId=4b3R+ftUTQGFN/Cfjly4mg==&trk=flagship3_job_home_savedjobs
",2025-03-08,CV1,"
adamart@jems-group.com
",Jems,2.0,Data Engineer
Analytics Engineer,2025-02-06,Refus,https://www.linkedin.com/jobs/view/4120907131/?eBP=NON_CHARGEABLE_CHANNEL&refId=n+ID8UampgT/dpn0vlTEoQ==&trackingId=cpWRcvLJ7zKmMr4/YuFbYg==&trk=flagship3_search_srp_jobs,,CV1,,Hermès,2.0,Analytics Engineer
Consultant Data Scientist Junior,2025-02-06,Refus,https://www.welcometothejungle.com/fr/companies/elevate/jobs/consultant-e-data-scientist-junior_paris_ELEVA_pyA886K?q=c34b0974abdf87547b57be1ff9cdae15&o=24f2646c-d042-48e5-bc04-795212e74938,,CV1,,Elevate,2.0,Data Scientist
Junior Data Scientist,2025-02-06,Sans réponse,https://www.linkedin.com/jobs/view/3928980953/?refId=daa42c98-32cc-4902-b57d-b49f713c580e&trackingId=by0GLpkKSR6RYD1pTO817Q==&trk=flagship3_job_home_savedjobs,2025-03-08,CV1,,Artefact,2.0,Data Scientist
Junior Data Engineer,2025-02-06,Sans réponse,https://www.linkedin.com/jobs/view/4121155934/?refId=1c4ee2fb-9a80-4301-8f30-014f146a9cb7&trackingId=Yl8QmSFUT5aQGnYcrBgsRQ==&trk=flagship3_job_home_savedjobs,2025-03-08,CV1,,Axa,2.0,Data Engineer
